pair_id,split,SMILES,sequence,pdbpath,substrate_name
fold5_MD_idx000909,test,C[S+](CC[C@H](N)C(=O)[O-])C[C@H]1O[C@@H](n2cnc3c(N)ncnc32)[C@H](O)[C@@H]1O,MATIFSGGSVSPFLFHTNKGTSFTPKAPILHLKRSFSAKSVASVGTEPSLSPAVQTFWKWLQEEGVITAKTPVKASVVTEGLGLVALKDISRNDVILQVPKRLWINPDAVAASEIGRVCSELKPWLSVILFLIRERSREDSVWKHYFGILPQETDSTIYWSEEELQELQGSQLLKTTVSVKEYVKNECLKLEQEIILPNKRLFPDPVTLDDFFWAFGILRSRAFSRLRNENLVVVPMADLINHSAGVTTEDHAYEVKGAAGLFSWDYLFSLKSPLSVKAGQQVYIQYDLNKSNAELALDYGFIEPNENRHAYTLTLEISESDPFFDDKLDVAESNGFAQTAYFDIFYNRTLPPGLLPYLRLVALGGTDAFLLESLFRDTIWGHLELSVSRDNEELLCKAVREACKSALAGYHTTIEQDRELKEGNLDSRLAIAVGIREGEKMVLQQIDGIFEQKELELDQLEYYQERRLKDLGLCGENGDILGDLGKFF,seq_ecfd8d80f011f6af,nadph
fold5_WT_idx001070,test,CCn1c(=NN=c2sc3cc(S(=O)(=O)O)ccc3n2CC)sc2cc(S(=O)(=O)O)ccc21,GPSTDLVIGNKGFDGGIDSAILR,seq_83de11889cdd5a0d,nadph
fold5_WT_idx001406,test,N=C(N)NCCC[C@H](N)C(=O)O,MEEKEILWNEAKAFIAACYQELGKEEEVKDRLADIKSEIDLTGSYVHTKEELEHGAKMAWRNSNRCIGRLFWNSLNVIDRRDVRTKEEVRDALFHHIETATNNGKIRPTITIFPPEEKGEKQVEIWNHQLIRYAGYESDGERIGDPASCSLTAACEELGWRGERTDFDLLPLIFRMKGDEQPVWYELPRSLVIEVPITHPDIEAFSDLELKWYGVPIISDMKLEVGGIHYNAAPFNGWYMGTEIGARNLADEKRYDKLKKVASVIGIAADYNTDLWKDQALVELNKAVLHSYKKQGVSIVDHHTAASQFKRFEEQEEEAGRKLTGDWTWLIPPISPAATHIFHRSYDNSIVKPNYFYQDKPYE,seq_5f261369c533f3f8,indole-3-acetaldehyde
fold5_WT_idx001645,test,N[C@@H](CC1(C(=O)O)C=CC(O)C=C1)C(=O)[O-],MLLHFSPAKPLISPPNLRRNSPTFLISPPRSLRIRAIDAAQIFDYETQLKSEYRKSSALKIAVLGFGNFGQFLSKTLIRHGHDLITHSRSDYSDAANSIGARFFDNPHDLCEQHPDVVLLCTSILSTESVLRSFPFQRLRRSTLFVDVLSVKEFPKALFIKYLPKEFDILCTHPMFGPESGKHSWSGLPFVYDKVRIGDAASRQERCEKFLRIFENEGCKMVEMSCEKHDYYAAGSQFVTHTMGRVLEKYGVESSPINTKGYETLLDLVENTSSDSFELFYGLFMYNPNALEQLERLDMAFESVKKELFGRLHQQYRKQMFGGEVQSPKKTEQKLLNDGGVVPMNDISSSSSSSSSSS,seq_30c67122aa6d5b38,nadh
fold5_WT_idx001646,test,O=C(O)C(=O)CC1(C(=O)O)C=CC(O)C=C1,MLLHFSPAKPLISPPNLRRNSPTFLISPPRSLRIRAIDAAQIFDYETQLKSEYRKSSALKIAVLGFGNFGQFLSKTLIRHGHDLITHSRSDYSDAANSIGARFFDNPHDLCEQHPDVVLLCTSILSTESVLRSFPFQRLRRSTLFVDVLSVKEFPKALFIKYLPKEFDILCTHPMFGPESGKHSWSGLPFVYDKVRIGDAASRQERCEKFLRIFENEGCKMVEMSCEKHDYYAAGSQFVTHTMGRVLEKYGVESSPINTKGYETLLDLVENTSSDSFELFYGLFMYNPNALEQLERLDMAFESVKKELFGRLHQQYRKQMFGGEVQSPKKTEQKLLNDGGVVPMNDISSSSSSSSSSS,seq_30c67122aa6d5b38,3-hydroxypyruvate
fold5_MD_idx001667,test,N[C@@H](CS)C(=O)O,STRRQAITLYRNLLRESEKLPSYNFRMYAARKIRDTFRANRSTRDFAEIDRQMAEGQQNLELIRRQVIIGHLYSADKLVIENKKTLKPSDD,seq_4349b9b514fdcf47,pyruvate
fold5_WT_idx001975,test,O=N[O-],MAEQMQISRRTILAGAALAGALAPVLATTSAWGQGAVRKATAAEIAALPRQKVELVDPPFVHAHSQVAEGGPKVVEFTMVIEEKKIVIDDAGTEVHAMAFNGTVPGPLMVVHQDDYLELTLINPETNTLMHNIDFHAATGALGGGGLTEINPGEKTILRFKATKPGVFVYHCAPPGMVPWHVVSGMNGAIMVLPREGLHDGKGKALTYDKIYYVGEQDFYVPRDENGKYKKYEAPGDAYEDTVKVMRTLTPTHVVFNGAVGALTGDKAMTAAVGEKVLIVHSQANRDTRPHLIGGHGDYVWATGKFNTPPDVDQETWFIPGGAAGAAFYTFQQPGIYAYVNHNLIEAFELGAAAHFKVTGEWNDDLMTSVLAPSGT,seq_d09f5e08a200bbbb,l-malate
fold5_WT_idx001982,test,N=C(O)C1=CN([C@@H]2O[C@H](COP(=O)(O)OP(=O)(O)OC[C@H]3O[C@@H](n4cnc5c(N)ncnc54)[C@H](O)[C@@H]3O)[C@@H](O)[C@H]2O)C=CC1,MSRKIVVVGGVAGGASVAARLRRLSEEDEIIMVERGEYISFANCGLPYYIGGVITERQKLLVQTVERMSKRFNLDIRVLSEVVKINKEEKTITIKNVTTNETYNEAYDVLILSPGAKPIVPSIPGIEEAKALFTLRNVPDTDRIKAYIDEKKPRHATVIGGGFIGVEMVENLRERGIEVTLVEMANQVMPPIDYEMAAYVHEHMKNHDVELVFEDGVDALEENGAVVRLKSGSVIQTDMLILAIGVQPESSLAKGAGLALGVRGTIKVNEKFQTSDPHIYAIGDAIEVKDFVTETETMIPLAWPANRQGRMLADIIHGHTDSLYKGTLGTSVAKVFDLTVATTGLNEKILKRLNIPYEVVHVQANSHAGYYPNATPVLIKLIFNKDSGKIYGAQTLGRDGVDKRMDVIATAIKANLTVLDLPDLELSYAPPYSSAKDPVNMVGYAASNIVDGFVDTVQWHEIDRIVENGGYLIDVREPNELKQGMIKGSINIPLDELRDRLEEVPVDKDIYITCQLGMRGYVAARMLMEKGYKVKNVDGGFKLYGTVLPERIVY,seq_d988e52c81ae4b65,l-malate
fold5_WT_idx002242,test,O=C[C@H](O)[C@@H](O)[C@H](O[C@H]1O[C@H](CO)[C@@H](O[C@H]2O[C@H](CO)[C@@H](O[C@H]3O[C@H](CO)[C@@H](O[C@H]4O[C@H](CO)[C@@H](O[C@H]5O[C@H](CO)[C@@H](O[C@H]6O[C@H](CO)[C@@H](O)[C@H](O)[C@H]6O)[C@H](O)[C@H]5O)[C@H](O)[C@H]4O)[C@H](O)[C@H]3O)[C@H](O)[C@H]2O)[C@H](O)[C@H]1O)[C@H](O)CO,MSQPIFNDKQFQEALSRQWQRYGLNSAAEMTPRQWWLAVSEALAEMLRAQPFAKPVANQRHVNYISMEFLIGRLTGNNLLNLGWYQDVQDSLKAYDINLTDLLEEEIDPALGNGGLGRLAACFLDSMATVGQSATGYGLNYQYGLFRQSFVDGKQVEAPDDWHRSNYPWFRHNEALDVQVGIGGKVTKDGRWEPEFTITGQAWDLPVVGYRNGVAQPLRLWQATHAHPFDLTKFNDGDFLRAEQQGINAEKLTKVLYPNDNHTAGKKLRLMQQYFQCACSVADILRRHHLAGRKLHELADYEVIQLNDTHPTIAIPELLRVLIDEHQMSWDDAWAITSKTFAYTNHTLMPEALERWDVKLVKGLLPRHMQIINEINTRFKTLVEKTWPGDEKVWAKLAVVHDKQVHMANLCVVGGFAVNGVAALHSDLVVKDLFPEYHQLWPNKFHNVTNGITPRRWIKQCNPALAALLDKSLQKEWANDLDQLINLEKFADDAKFRQQYREIKQANKVRLAEFVKVRTGIEINPQAIFDIQIKRLHEYKRQHLNLLHILALYKEIRENPQADRVPRVFLFGAKAAPGYYLAKNIIFAINKVADVINNDPLVGDKLKVVFLPDYCVSAAEKLIPAADISEQISTAGKEASGTGNMKLALNGALTVGTLDGANVEIAEKVGEENIFIFGHTVEQVKAILAKGYDPVKWRKKDKVLDAVLKELESGKYSDGDKHAFDQMLHSIGKQGGDPYLVMADFAAYVEAQKQVDVLYRDQEAWTRAAILNTARCGMFSSDRSIRDYQARIWQAKR,seq_497fd48c2454fffd,isocitrate
fold5_WT_idx002551,test,N[C@H](COP(=O)(O)O)Cc1cnc[nH]1,MNPLDLIAKRAYPYETEKRDKTYLALNENPFPFPEDLVDEVFRRLNSDALRIYYDSPDEELIEKILSYLDTDFLSKNNVSVGNGADEIIYVMMLMFDRSVFFPPTYSCYRIFAKAVGAKFLEVPLTKDLRIPEVNVGEGDVVFIPNPNNPTGHVFEREEIERILKTGAFVALDEAYYEFHGESYVDFLKKYENLAVIRTFSKAFSLAAQRVGYVVASEKFIDAYNRVRLPFNVSYVSQMFAKVALDHREIFEERTKFIVEERERMKSALREMGYRITDSRGNFVFVFMEKEEKERLLEHLRTKNVAVRSFREGVRITIGKREENDMILRELEVFK,seq_246b52bd51f9eb35,2-deoxy-d-glucose
fold5_WT_idx002575,test,Nc1ncnc2c1ncn2[C@@H]1O[C@H](COP(=O)(O)OP(=O)(O)OP(=O)(O)O)[C@@H](O)[C@H]1O,MQSQDSCYGVAFRSIITNDEALFKKTIHFYHTLGFATVKDFNKFKHGENSLLSSGTSQDSLREVWLESFKLSEVDASGFRIPQQEATNKAQSQGALLKIRLVMSAPIDETFDTNETATITYFSTDLNKIVEKFPKQAEKLSDTLVFLKDPMGNNITFSGLANATDSAPTSKDAFLEATSEDEIISRASSDASDLLRQTLGSSQKKKKIAVMTSGGDSPGMNAAVRAVVRTGIHFGCDVFAVYEGYEGLLRGGKYLKKMAWEDVRGWLSEGGTLIGTARSMEFRKREGRRQAAGNLISQGIDALVVCGGDGSLTGADLFRHEWPSLVDELVAEGRFTKEEVAPYKNLSIVGLVGSIDNDMSGTDSTIGAYSALERICEMVDYIDATAKSHSRAFVVEVMGRHCGWLALMAGIATGADYIFIPERAVPHGKWQDELKEVCQRHRSKGRRNNTIIVAEGALDDQLNPVTANDVKDALIELGLDTKVTILGHVQRGGTAVAHDRWLATLQGVDAVKAVLEFTPETPSPLIGILENKIIRMPLVESVKLTKSVATAIENKDFDKAISLRDTEFIELYENFLSTTVKDDGSELLPVSDRLNIGIVHVGAPSAALNAATRAATLYCLSHGHKPYAIMNGFSGLIQTGEVKELSWIDVENWHNLGGSEIGTNRSVASEDLGTIAYYFQKNKLDGLIILGGFEGFRSLKQLRDGRTQHPIFNIPMCLIPATVSNNVPGTEYSLGVDTCLNALVNYTDDIKQSASATRRRVFVCEVQGGHSGYIASFTGLITGAVSVYTPEKKIDLASIREDITLLKENFRHDKGENRNGKLLVRNEQASSVYSTQLLADIISEASKGKFGVRTAIPGHVQQGGVPSSKDRVTASRFAVKCIKFIEQWNKKNEASPNTDAKVLRFKFDTHGEKVPTVEHEDDSAAVICVNGSHVSFKPIANLWENETNVELRKGFEVHWAEYNKIGDILSGRLKLRAEVAALAAENK,seq_9aaa9713c0af729d,d-galactose
fold5_WT_idx002636,test,Nc1ncnc2c1ncn2[C@@H]1O[C@H](COP(=O)(O)OP(=O)(O)OP(=O)(O)O)[C@@H](O)[C@H]1O,MKFAVSSKGDQVSDTLKSKIQAYLLDFDMELDENEPEIVISVGGDGTLLYAFHRYSDRLDKTAFVGVHTGHLGFYADWVPHEIEKLVLAIAKTPYHTVEYPLLEVIVTYHENEREERYLALNECTIKSIEGSLVADVEIKGQLFETFRGDGLCLSTPSGSTAYNKALGGAIIHPSIRAIQLAEMASINNRVFRTVGSPLLLPSHHDCMIKPRNEVDFQVTIDHLTLLHKDVKSIRCQVASEKVRFARFRPFPFWKRVQDSFIGKGE,seq_34a701dcd37c57b7,"2,2'-azino-bis(3-ethylbenzthiazoline-6-sulfonic acid)"
fold5_WT_idx002638,test,N=C(O)c1ccc[n+]([C@@H]2O[C@H](COP(=O)(O)OP(=O)([O-])OC[C@H]3O[C@@H](n4cnc5c(N)ncnc54)[C@H](O)[C@@H]3O)[C@@H](O)[C@H]2O)c1,MNNHFKCIGIVGHPRHPTALTTHEMLYRWLCTKGYEVIVEQQIAHELQLKNVKTGTLAEIGQLADLAVVVGGDGNMLGAARTLARYDIKVIGINRGNLGFLTDLDPDNAQQQLADVLEGHYISEKRFLLEAQVCQQDCQKRISTAINEVVLHPGKVAHMIEFEVYIDEIFAFSQRSDGLIISTPTGSTAYSLSAGGPILTPSLDAITLVPMFPHTLSARPLVINSSSTIRLRFSHRRNDLEISCDSQIALPIQEGEDVLIRRCDYHLNLIHPKDYSYFNTLSTKLGWSKKLF,seq_3939a1dd105a0c8a,"2,2'-azino-bis(3-ethylbenzthiazoline-6-sulfonic acid)"
fold5_WT_idx002711,test,Cc1[nH]c(=N)[nH]c(=N)c1OCCCOc1cc(Cl)c(Cl)cc1Cl,MQSTANYLWHTDDLLGQGATASVYKARNKKSGELVAVKVFNTTSYLRPREVQVREFEVLRKLNHQNIVKLFAVEETGGSRQKVLVMEYCSSGSLLSVLESPENAFGLPEDEFLVVLRCVVAGMNHLRENGIVHRDIKPGNIMRLVGEEGQSIYKLTDFGAARELDDDEKFVSVYGTEEYLHPDMYERAVLRKPQQKAFGVTVDLWSIGVTLYHAATGSLPFIPFGGPRRNKEIMYRITTEKPAGAIAGAQRRENGPLEWSYTLPITCQLSLGLQSQLVPILANILEVEQAKCWGFDQFFAETSDILQRVVVHVFSLSQAVLHHIYIHAHNTIAIFQEAVHKQTSVAPRHQEYLFEGHLCVLEPSVSAQHIAHTTASSPLTLFSTAIPKGLAFRDPALDVPKFVPKVDLQADYNTAKGVLGAGYQALRLARALLDGQELMFRGLHWVMEVLQATCRRTLEVARTSLLYLSSSLGTERFSSVAGTPEIQELKAAAELRSRLRTLAEVLSRCSQNITETQESLSSLNRELVKSRDQVHEDRSIQQIQCCLDKMNFIYKQFKKSRMRPGLGYNEEQIHKLDKVNFSHLAKRLLQVFQEECVQKYQASLVTHGKRMRVVHETRNHLRLVGCSVAACNTEAQGVQESLSKLLEELSHQLLQDRAKGAQASPPPIAPYPSPTRKDLLLHMQELCEGMKLLASDLLDNNRIIERLNRVPAPPDV,seq_325d44db452319f1,syringaldazine
fold5_WT_idx002882,test,CC(C)(COP(=O)(O)OP(=O)(O)OC[C@H]1O[C@@H](n2cnc3c(N)ncnc32)[C@H](O)[C@@H]1OP(=O)(O)O)[C@@H](O)C(O)=NCCC(O)=NCCS,MIYGIGLDITELKRIASMAGRQKRFAERILTRSELDQYYELSEKRKNEFLAGRFAAKEAFSKAFGTGIGRQLSFQDIEIRKDQNGKPYIICTKLSQAAVHVSITHTKEYAAAQVVIERLSS,seq_56d24547678c0811,syringaldazine
fold5_WT_idx002897,test,O=S([O-])(O)=S,MSQSISSSTKAEEVVSVDVSQAKTLLQSGHQYLDVRTQDEFRRGHCEAAKIVNIPYMLNTPQGRVKNQEFLEQVSSLLNPADDILVGCQSGARSLKATTELVAAGYKKVRNVGGGYLAWVDHSFPINTEEEEPSAN,seq_f08f00e3bbea4c31,cu2+
fold5_WT_idx003132,test,CCCCCCCCCCCCCCCCOCC(O)COP(=O)([O-])OCC[N+](C)(C)C,MKGKLLKGVLSFGIGLGVLYGGSSVQADTSTDQNNTLKVMTHNVYMLSTNLYPNWGQSQRADLIGAADYIKNQDVVILNEVFDNSASDRLLGNLKKEYPNQTAVLGRSNGNEWDKTLGSYSSSTPEDGGVAIVSKWPIVEKIQYVFAKGCGPDNLSNKGFVYTKIKKNDRFVHVIGTHLQAEDSMCGKTSPASVRTNQLKEIQDFIKNKNIPNDEYVLFGGDMNVNKINAENNSDSEYASMFKTLHASIPSYTGHTATWDATTNSIAKYNFPDSPAEYLDYIIASKDHANPSFIENKVLQPKSPQWTVTSWLKKYTYDDYSDHYPVAATISMK,seq_67ce365a551b1cbe,h2o2
fold5_WT_idx003133,test,CCCCCCCCCCCCCCCCOCC(O)COP(=O)([O-])OCC[N+](C)(C)C,MKGKLLKGVLSLGVGLGALYSGTSAQAEASTNQNDTLKVMTHNVYMLSTNLYPNWGQTERADLFGAADYIKNQDVVILNEVFDNSASDRLLGNLKKEYPNQTAVLGRSSGSEWDKTLGNYSSSTPEDGGVAIVSKWPIAEKIQYVFAKGCGPDNLSNKGFVYTKIKKNDRFVHVIGTHLQAEDSMCGKTSPASVRTNQLKEIQDFIKNKNIPNNEYVLIGGDMNVNKINAENNNDSEYASMFKTLNASVPSYTGHTATWDATTNSIAKYNFPDSLAEYLDYIIASKDHANPSYIENKVLQPKSPQWTVTSWFKNIRIMITLIIIQVEATISMK,seq_b90b25e682fc31d2,h2o2
fold5_WT_idx003491,test,Cc1onc(-c2ccccc2)c1C(O)=N[C@@H]1C(=O)N2[C@@H]1SC(C)(C)[C@@H]2C(=O)O,MKVKYALLSAGALQLLVVGCGSSHHETHYGYATLSYADYWAGELGQSRDVLLAGNAEADRAGDLDAGMFDAVSRATHGHGAFRQQFQYAVEVLGEKVLSKQETEDSRGRKKWEYETDPSVTKMVRASASFQDLGEDGEIKFEAVEGAVALADRASSFMVDSEEYKITNVKVHGMKFVPVAVPHELKGIAKEKFHFVEDSRVTENTNGLKTMLTEDSFSARKVSSMESPHDLVVDTVGTGYHSRFGSDAEASVMLKRADGSELSHREFIDYVMNFNTVRYDYYGDDASYTNLMASYGTKHSADSWWKTGRVPRISCGINYGFDRFKGSGPGYYRLTLIANGYRDVVADVRFLPKYEGNIDIGLKGKVLTIGGADAETLMDAAVDVFADGQPKLVSDQAVSLGQNVLSADFTPGTEYTVEVRFKEFGSVRAKVVAQ,seq_6e0273c73310973e,fad
fold5_WT_idx003840,test,N=c1ccn([C@H]2C[C@H](O)[C@@H](COP(=O)(O)OP(=O)(O)OP(=O)(O)O)O2)c(O)n1,MILSDKDIIDYVTSKRIIIKPFNKDFVGPCSYDVTLGDEFIIYDDEVYDLSKELNYKRIKIKNSILVCPLNYNLTEEKINYFKEKYNVDYVVEGGVLGTTNEYIELPNDISAQYQGRSSLGRVFLTSHQTAGWIDAGFKGKITLEIVAFDKPVILYKNQRIGQLIFSKLLSPADVGYSERKTSKYAYQKSVMPSLIHLDNHKKD,seq_3e1b7ba21bf5ca6f,nadph
fold5_WT_idx004023,test,C[C@@H](C(=O)O)C(=O)SCCN=C(O)CCN=C(O)[C@H](O)C(C)(C)COP(=O)(O)OP(=O)(O)OC[C@H]1O[C@@H](n2cnc3c(N)ncnc32)[C@H](O)[C@@H]1OP(=O)(O)O,MRRCEVNSKPISEYFGIPCENREMAKCLLTSSLSVRTKLLQTGVSLYNTSHGFHEEEVKKILEQFPGGSIDLLKKQNGIGILTLNNPNKMNAFSGVMMLQLLERVIELENWTEGKGLIIHGAKNTFCSGSDLNAVKALSTPESGVALSMFMQNTLTRFMRLPLISVALVQGWAMGGGAELTTACDFRLMTEESVIRFVHKEMGIVPSWGGTSRLVEIIGSRQALKVLSGTLKLDSKEALNIGLTDEVLQPSDETTALEQAQEWLEKFVSGPPQVIRGLKKSVCSARELYIEEALQNERDVLETLWGGPANLEAIAKKGKHTK,seq_e0d98139b646a5aa,hexanal
fold5_WT_idx004104,test,O=C=O,MPFHAEPLKPSDEIDMDLGHSVAAQKFKEIREVLEGNRYWARKVTSEEPEFMAEQVKGQAPNFLWIGCADSRVPEVTIMARKPGDVFVQRNVANQFKPEDDSSQALLNYAIMNVGVTHVMVVGHTGCGGCIAAFDQPLPTEENPGGTPLVRYLEPIIRLKHSLPEGSDVNDLIKENVKMAVKNVVNSPTIQGAWEQARKGEFREVFVHGWLYDLSTGNIVDLNVTQGPHPFVDDRVPRA,seq_c24aab0f336ff5f4,nad+
fold5_WT_idx004280,test,Nc1ncnc2c1ncn2[C@@H]1O[C@H](COP(=O)(O)OP(=O)(O)OP(=O)(O)O)[C@@H](O)[C@H]1O,MTLPNPGSVLASLTELTQVNRTHALLRRVKDLSVNEFVCLLDFITAEFQQFLRAIELINNEALENMLEKVLEAITLKIGQILQAEHTAIFLVDYDKCQLWSKVPQDNGQKFLEIRTPITVGIPGHVASTGQYLNISETATHPLFSPELERQMGYKINNILCMPVVSSKDQIVAVVQLANKTGNIPFNRNDEESFRDFAASIGIILETCQSFYVAARNQRGVTALLRATQTLGQSLDLEATLQIVMEQARILMQADRSTLFLYRKEMGELWTKVAAAADTTQLIEIRIPANRGIVGYVASTGDALNISDAYKDPRFDPTTDRKTGYLTRNILCLPVFNSANELIGVTQLINKQQGSFTASDEEFMRAFNIQAGVALENARLFENVLLEKQYQKDILQSLSDAVISTDMAGRIVTINDAALELLGCPLGDANHKSNKLLWEQNLIGRVVWEIVPIENLQMRLEDSLKSGAKHYVPEQSLIVGIYQLQMSESRVLHETQDYSILTVRDRINPDIFLPWNLPQTPQSQFITPEEVQILERSINLTVNPLTNPEGGVRGGLVVLEDISQEKRLKTTMYRYLTPHVAEQVMALGEDALMVGERKEVTVLFSDIRGYTTLTENLGAAEVVSLLNQYFETMVEAVFNYEGTLDKFIGDALMAVFGAPLPLTENHAWQAVQSALDMRQRLKEFNQRRIIQAQPQIKIGIGISSGEVVSGNIGSHKRMDYTVIGDGVNLSSRLETVTKEYGCDIILSEFTYQLCSDRIWVRQLDKIRVKGKHQAVNIYELISDRSTPLDDNTQEFLFHYHNGRTAYLVRDFTQAIACFNSAKHIRPTDQAVNIHLERAYNYQQTPPPPQWDGVWTIFTK,seq_441df2b0d217a41d,l-glutamate
fold5_WT_idx006350,test,C[S+](CC[C@H](N)C(=O)[O-])C[C@H]1O[C@@H](n2cnc3c(N)ncnc32)[C@H](O)[C@@H]1O,MDKLFSMIEVEVNSQCNRTCWYCPNSVSKRKETGEMDPALYKTLMEQLSSLDFAGRISFHFYGEPLLCKNLDLFVGMTTEYIPRARPIIYTNGDFLTEKRLQTLTELGIQKFIVTQHAGAKHKFRGVYDQLAGADKEKVVYLDHSDLVLSNRGGILDNIPQASKANMSCMVPSNLAVVTVLGNVLPCFEDFNQKMVMGNIGEQHISDIWHNDKFTSFRKMLKEGHRGKSDLCKNCNNVSVQTEEQYDYVL,seq_daa861abb6b9073b,3-deoxy-d-manno-octulosonate
fold5_WT_idx006495,test,CC(=O)N1c2ccc(O)cc2Oc2cc(O)ccc21,MGVPFFSSLRCMVDLGPCWAGGLTAEMKLLLALAGLLAILATPQPSEGAAPAVLGEVDTSLVLSSMEEAKQLVDKAYKERRESIKQRLRSGSASPMELLSYFKQPVAATRTAVRAADYLHVALDLLERKLRSLWRRPFNVTDVLTPAQLNVLSKSSGCAYQDVGVTCPEQDKYRTITGMCNNRRSPTLGASNRAFVRWLPAEYEDGFSLPYGWTPGVKRNGFPVALARAVSNEIVRFPTDQLTPDQERSLMFMQWGQLLDHDLDFTPEPAARASFVTGVNCETSCVQQPPCFPLKIPPNDPRIKNQADCIPFFRSCPACPGSNITIRNQINALTSFVDASMVYGSEEPLARNLRNMSNQLGLLAVNQRFQDNGRALLPFDNLHDDPCLLTNRSARIPCFLAGDTRSSEMPELTSMHTLLLREHNRLATELKSLNPRWDGERLYQEARKIVGAMVQIITYRDYLPLVLGPTAMRKYLPTYRSYNDSVDPRIANVFTNAFRYGHTLIQPFMFRLDNRYQPMEPNPRVPLSRVFFASWRVVLEGGIDPILRGLMATPAKLNRQNQIAVDEIRERLFEQVMRIGLDLPALNMQRSRDHGLPGYNAWRRFCGLPQPETVGQLGTVLRNLKLARKLMEQYGTPNNIDIWMGGVSEPLKRKGRVGPLLACIIGTQFRKLRDGDRFWWENEGVFSMQQRQALAQISLPRIICDNTGITTVSKNNIFMSNSYPRDFVNCSTLPALNLASWREAS,seq_48da005dbddcb2bf,p-nitrophenyl propionate
fold5_WT_idx006890,test,CC(O)C(O)C1CNc2[nH]c(=N)nc(O)c2N1,MEEKEILWNEAKAFIAACYQELGKEEEVKDRLADIKSEIDLTGSYVHTKEELEHGAKMAWRNSNRCIGRLFWNSLNVIDRRDVRTKEEVRDALFHHIETATNNGKIRPTITIFPPEEKGEKQVEIWNHQLIRYAGYESDGERIGDPASCSLTAACEELGWRGERTDFDLLPLIFRMKGDEQPVWYELPRSLVIEVPITHPDIEAFSDLELKWYGVPIISDMKLEVGGIHYNAAPFNGWYMGTEIGARNLADEKRYDKLKKVASVIGIAADYNTDLWKDQALVELNKAVLHSYKKQGVSIVDHHTAASQFKRFEEQEEEAGRKLTGDWTWLIPPISPAATHIFHRSYDNSIVKPNYFYQDKPYE,seq_5f261369c533f3f8,isomaltose
fold5_WT_idx007788,test,N=c1nc(O)c2c([nH]1)NCC(CN(C=O)c1ccc(C(=O)N[C@@H](CCC(=O)O)C(=O)O)cc1)N2,MKIAVIGQSLFGQEVYKELKNEGHMIVGVFTIPDKDGKVDPLAIEAEKDGVPVFKFPRWRLKGKAITEVVDQYKAVGAELNVLPFCSQFIPMEVIDHPKHGSIIYHPSLLPRHRGASAINWTLIHGDKKGGFTVFWADDGLDTGPILLQRECDVEPNDNVNSIYKRFLFPEGVKGMVEAVRLIATGKAPRIKQPEEGATYECIQKKENSKIDWNQPAEAIHNWIRGNDRVPGAWAEIDGKSVSFYGSTLLENDHFSSNGQPLEIPGASRAALVTKNGLVLFGNDGKMLLVKNLQFEDGKMIPGSQYFKAGVTSTVELSEDENRFAEQMRVVWKSILTNVEKIEDTTDFFKSGAASMDVVRLVEEVKLRAAQLQLQNEDVYMATSFQEFIQMCVRKLRGEDEEEEFNVDYVEKKLNNMTIHIPHQLFINGEFVDAEGGKTYKSINPTDGQAICDVSLAQISDVEKAVAAAKEAFEEGEWGKMNPRDRGKLLYKLADLMEQHQEELATIESIDSGAVYTLALKTHIGMSIQTFRYFAGWCDKIQGCTIPINQARPNRNLTFTKKEPIGVCGIVIPWNYPLMMLAWKTAACLAAGNTVVLKPAQVTPLTALKFAELTALAKFPKGVVNILPGSGSLVGQRLSDHPDVRKLGFTGSTEIGKHIMKSCAVSNVKKVSLELGGKSPLIIFNDCDLDKAVRMGMSSVFFNKGENCIAAGRLFIEESIHDIFLERVVSEIRKMKIGDPLDRSTDHGPQNHKAHLDKLVEYCEKGVKEGAKLVCGGKQVERPGFFFEPTVFTDVQDHMYIAVEESFGPVMIISKFSNGEVDKVLQRANATEFGLASGVFTRDISKALYVSEKLQAGTVFINTYNKTDVAAPFGGFKQSGFGKDLGQEALNEYLKTKCVTVEY,seq_b4ea21e1ab792d6d,zn2+
fold5_WT_idx007994,test,[O-][Cl+2]([O-])[O-],MSTDSDAETVDLADGVDHQVAMVMDLNKCIGCQTCTVACKSLWTEGGGRDYMYWNNVETKPGKGYPRNWEESGGGWKSSEHKERKPGQIPDKEDYGDAWEFNHEEIMYNGSDRPLRPDSDPEWGPNWDEDQGTGEYPNSYYFYLPRICNHCTHPSCVEACPRKAIYKREEDGIVLIDQERCRGYRYCVEGCPYKKVYYNATQKTSEKCIFCYPRIEGEGPDGKTFAPACAEDCPPQLRLVGFLDDEQGPIHKLVEEYEVALPLHPEYQTQPNVYYIPPFAPPQHSEDGESVDVDRIPRNYLEELFGERVHDALDTIEREREKVNRGGGSELLDMLTDTNPARKFRLEVFDDD,seq_0b3d9ca3d7f3f229,gtp
fold5_WT_idx008112,test,CC1=CC(=O)c2ccccc2C1=O,MAALLGIVSPVTFTGKHPVNSRSRRRTVVKCSNERRILFNRIAPVYDNLNDLLSLGQHRIWKNMAVSWSGAKKGDYVLDLCCGSGDLAFLLSEKVGSTGKVMGLDFSSEQLAVAATRQSLKARSCYKCIEWIEGDAIDLPFDDCEFDAVTMGYGLRNVVDRLRAMKEMYRVLKPGSRVSILDFNKSNQSVTTFMQGWMIDNVVVPVATVYDLAKEYEYLKYSINGYLTGEELETLALEAGFSSACHYEISGGFMGNLVAMR,seq_9c35fdf52df7f3cf,l-tyrosine
fold5_WT_idx008283,test,CCCCCCCCCCCCCCCC(=O)SCCN=C(O)CCN=C(O)[C@H](O)C(C)(C)COP(=O)(O)OP(=O)(O)OC[C@H]1O[C@@H](n2cnc3c(N)ncnc32)[C@H](O)[C@@H]1OP(=O)(O)O,MQLVDRVRGAVTGMSRRLVVGAVGAALVSGLVGAVGGTATAGAFSRPGLPVEYLQVPSPSMGRDIKVQFQSGGANSPALYLLDGLRAQDDFSGWDINTPAFEWYDQSGLSVVMPVGGQSSFYSDWYQPACGKAGCQTYKWETFLTSELPGWLQANRHVKPTGSAVVGLSMAASSALTLAIYHPQQFVYAGAMSGLLDPSQAMGPTLIGLAMGDAGGYKASDMWGPKEDPAWQRNDPLLNVGKLIANNTRVWVYCGNGKPSDLGGNNLPAKFLEGFVRTSNIKFQDAYNAGGGHNGVFDFPDSGTHSWEYWGAQLNAMKPDLQRALGATPNTGPAPQGA,seq_9cb137f4583af595,"2,4-dimethylbenzaldehyde"
fold5_WT_idx008875,test,O=c1nc([O-])ccn1[C@@H]1O[C@H](COP(=O)([O-])OP(=O)(O)O[C@H]2O[C@H](CO)[C@H](O)[C@H](O)[C@H]2O)[C@@H](O)[C@H]1O.[Na+].[Na+],MFKISIILPTYNVEQYIARAIESCINQTFKDIEIIVVDDCGNDNSINIAKEYSKKDKRIKIIHNEKNLGLLRARYEGVKVANSPYIMFLDPDDYLELNACEECIKILDEQDEVDLVFFNAIVESNVISYKKFDFNSGFYSKKEFVKKIIAKKNLYWTMWGKLIRKKLYLEAFASLRLEKDVKINMAEDVLLYYPMLSQAQKIAYMNCNLYHYVPNNNSICNTKNEVLVKNNIQELQLVLNYLRQNYILNKYCSVLYVLIKYLLYIQIYKIKRTKLMVTLLAKINILTLKILFKYKKFLKQC,seq_9a7fe2667b7d9b14,l-alanine
fold5_WT_idx009431,test,C[S+](CC[C@H](N)C(=O)[O-])C[C@H]1O[C@@H](n2cnc3c(N)ncnc32)[C@H](O)[C@@H]1O,MIPVTATLIRHRLRHLRHRIRFKSTSVSPFHLPLNHPTYLIWSANTSLGKTLVSTGIAASFLLQQPSSSATKLLYLKPIQTGFPSDSDSRFVFSKLDSLSLRRQIPISISNSVLHSSLPAAKSLGLNVEVSESGMCSLNFRDEKTVTGAPELLCKTLYAWEAAISPHLAAERENATVEDSVVLQMIEKCLKEEMECGVKSEKSDLLCLVETAGGVASPGPSGTLQCDLYRPFRLPGILVGDGRLGGISGTIAAYESLKLRGYDIAAVVFEDHGLVNEVPLTSYLRNKVPVLVLPPVPKDPSDDLIEWFVESDGVFKALKETMVLANLERLERLNGMAKLAGEVFWWPFTQHKLVHQETVTVIDSRCGENFSIYKASDNSSLSQQFDACASWWTQGPDPTFQAELAREMGYTAARFGHVMFPENVYEPALKCAELLLDGVGKGWASRVYFSDNGSTAIEIALKMAFRKFCVDHNFCEATEEEKHIVVKVIALRGSYHGDTLGAMEAQAPSPYTGFLQQPWYTGRGLFLDPPTVFLSNGSWNISLPESFSEIAPEYGTFTSRDEIFDKSRDASTLARIYSAYLSKHLQEHSGVRQSAHVGALIIEPVIHGAGGMHMVDPLFQRVLVNECRNRKIPVIFDEVFTGFWRLGVETTTELLGCKPDIACFAKLLTGGMVPLAVTLATDAVFDSFSGDSKLKALLHGHSYSAHAMGCATAAKAIQWFKDPETNHNITSQGKTLRELWDEELVQQISSHSAVQRVVVIGTLFALELKADASNSGYASLYAKSLLIMLREDGIFTRPLGNVIYLMCGPCTSPEICRRLLTKLYKRLGEFNRT,seq_bbcbf42d1b5be8f3,atp
fold5_WT_idx009584,test,O=C(CO)[C@@H](O)[C@H](O)CO,MAEHAPRRCCLGWDFSTQQVKVVAVDAELNVFYEESVHFDRDLPEFGTQGGVHVHKDGLTVTSPVLMWVQALDIILEKMKASGFDFSQVLALSGAGQQHGSIYWKAGAQQALTSLSPDLRLHQQLQDCFSISDCPVWMDSSTTAQCRQLEAAVGGAQALSCLTGSRAYERFTGNQIAKIYQQNPEAYSHTERISLVSSFAASLFLGSYSPIDYSDGSGMNLLQIQDKVWSQACLGACAPHLEEKLSPPVPSCSVVGAISSYYVQRYGFPPGCKVVAFTGDNPASLAGMRLEEGDIAVSLGTSDTLFLWLQEPMPALEGHIFCNPVDSQHYMALLCFKNGSLMREKIRNESVSRSWSDFSKALQSTEMGNGGNLGFYFDVMEITPEIIGRHRFNTENHKVAAFPGDVEVRALIEGQFMAKRIHAEGLGYRVMSKTKILATGGASHNREILQVLADVFDAPVYVIDTANSACVGSAYRAFHGLAGGTDVPFSEVVKLAPNPRLAATPSPGASQVYEALLPQYAKLEQRILSQTRGPPE,seq_fec7bc0ccc72d2eb,cyclohexanone
fold5_WT_idx009673,test,N=C(O)c1ccc[n+]([C@@H]2O[C@H](COP(=O)([O-])O)[C@@H](O)[C@H]2O)c1,MTLAARLKQEFVSGWKPFEVVWLALFIIAQIWAYVQTPDSWLAMISGISGILCVVLVSKGKISNYFFGLIFAYTYFYVAWGSNFLGEMNTVLYVYLPSQFIGYFMWKANMQNSDGGESVIAKALTVKGWMTLIVVTTVGTLLFVQALQAAGGSSTGLDGLTTIITVAAQILMILRYREQWLLWIGLNILSIFLWAETPAIYLMYSAYLLNSLYGYYNWTKLVKRTN,seq_f50074b7206e1239,l-arabitol
fold5_WT_idx009914,test,N=C(O)CC[C@@H](N)C(=O)O,MAELKFKTKAQNLKNLQTKLKKAKVLPLVLTSLEELISNEDKVLQDIQTLKANRLIIRSSSLSEDSMKNSNAGAFLSLANIKADSKDELLKALYEVANSMPSKSDEILVQPMLENITLCGVGFSVDKDNFSPYFCLQYDENGSNSSITDGSSKSAKTYYHYRNYLEFKDIRLQKIIELIKELEVLYDCHFLDVEFAFAIQDDKEELFCLQVRPLVMHEKNNLFHSLPKEALYRFYKRFESLKESRSRVLGDKAIFGVMPDWNPAEIIGLRPKRLAFSLYKEIITDNIWAYQRDNYGYRDLRSHPLIHSFLGIPYVDVRLSFNSFIPKKLDENIAQKLVNFYLDKLNKNHELHDKIEFNIVYSCYDFNSSKKLEELLNHGFNENEIKRLEFSLLELTNKIINPRSGFYLKDIQKAYKLKERYDGIINSNFSLIDKIYWLIEECKRYGTLPFAGVARAAFVAMQLLNSLVEIDFITKEEKDDFLNSLNTVSKNLSKQTNHLNFHNKDQFLKDFGHLRAGTYNILSPRYDEDFELYFDADQKDSKVYLQDKAFVFSKEKTRALNALLKEHGLEINACEFFDFLKQAIEGRELVKFEFTRLLSKAIVYIEELGKYYDIEKEDLAHLDIKSILNLYSSLYSINPKEQFIEEINRNKKEYELTQAIKLPSLLCNADEIFSFYNHSIIPNFITQKSITAFTAKENDKDLEGKIVLIYAADPGYDYLFTKNIAGLITCYGGANSHMAIRASELGMPAVIGVGEENFEKYLKAKKINIECESEQIFCL,seq_4e8a4fc43444bd27,d-mannuronate
fold5_WT_idx010640,test,CCCC(=O)Oc1ccc([N+](=O)[O-])cc1,MPSGENQFYVDKPSRGENYGAYVADELVEFTRKMFPLSYKKEDTFIAGLSMGGYGALINGLKYHETFSHIGAFSPGLMIDDIASRSELLSVTGWSMDFYGNSFGGIDTIKNSDKDYYYLIDQLLENKKEIPKIYLPIGTDDFLLESVRGFKSFVDKREVPLTYIEDDGGHEWDFWDKYVKNFLEWLPLEEKGNYLNSGNVAEHGFRDADAQKAQAALVAWFEETLKK,seq_0cb6cd020c95fc06,nad+
fold5_WT_idx010724,test,O=[N+]([O-])c1ccc(OP(=O)(O)O)cc1,MGFLRNRIVGITLAGAVALGSAGTGSAAMETAKKKEEPKVKNVIMMVMDGTSSSAPTLARWYKGEPLAMDQIVSGGVRTYSAESAITDSAPAATAMATGRKSNSSYIGVLPSKVNTPGVEKVREKDHYRPVANVLEGAKQKGKATGIIATSEIQHATPAGYSGHHKDRNNFEVLGEQQVYQNMDVVLGGGKESLQPGTKDKSREDGEDLVKVLKDKKYDFVETKDQLLKSKSKKIWGAFSQRDLAYDMDRRATHPEQPTIAEMTKKSIQTLSKDKDGFFLFVEGSKPDWAAHQNDPIGMISDVLAFDNAVKEALDFAKKDKHTMVIAVSDHGNSGISIGNSNTTKGYDTTPVSAYVDPLKKAKMTVEGATGKLKDDLSNIEEAAKLYGLDDLTPAEKEQLKSVKNKKEAASLFTKLLSNRANIGFTTGGHTGEDVFLYSYGPEKPQGLVENTDIAKTMAKAMGFNLDKLTNELFIEAKQAFKKAGASVTIDQKDPANPVLVAARKKAKAEMPVNKNIIRINGKEYELDSVIVESNGSFYVPKEAVQLFKKYAR,seq_4fed8ad0a08da007,"5beta-androstane-3beta,17beta-diol"
fold5_WT_idx010725,test,O=[N+]([O-])c1ccc(OP(=O)(O)O)cc1,MPHQNRQGRWCRKGWAVVALTGSMSWMPLANAAEIKNVILMIGDGMGPQQVGMLETYANRAPDSIYQGRSTALYQLAKEGVVGASLTHPEDAVVVDSACSATQLSTGIFTGGEVIGIDSEGNRVETVLELAKRVGKATGLVSDTRLTHATPAAFAAHQPHRSLENAIAEDMLMTGPDVMLSGGLRHFVPYSVSEPGESAGSVETLMQGAWSPTSKRKDERNLLQEAADQGYGLAFTRDQMAALNGTKVLGLFANSGMADGISFRDSHDDPQRQQPTLHEMTQKALSMLEQDDDGFFLMVEGGQIDWAAHSNDAGTMLNELIKFDEAVQGVFDWARDRDDTIILVTADHETGAFGFSYSSANLPAAQKKSGPAFADQDYAPNFNFGDFSILDSLYEQKQTYYELLSDFEALPQGERTPARLMAAVNGNSDFQITEAQAAEVLANKPNPYHVDGHSYLGVSEVPAVHDFDAFFPYNDRGNLLARALATQQNTVWGTGTHTHTPVNVFAWGPANDILPVSSILHHSEIGQYLKTVVAK,seq_0e7d6f85d878716b,5beta-dihydrotestosterone
fold5_WT_idx010811,test,Cc1cc(=O)oc2c(F)c(OP(=O)(O)O)c(F)cc12,MPPSPLDDRVVVALSRPVRPQDLNLCLDSSYLGSANPGSNSHPPVIATTVVSLKAANLTYMPSSSGSARSLNCGCSSASCCTVATYDKDNQAQTQAIAAGTTTTAIGTSTTCPANQMVNNNENTGSLSPSSGVGSPVSGTPKQLASIKIIYPNDLAKKMTKCSKSHLPSQGPVIIDCRPFMEYNKSHIQGAVHINCADKISRRRLQQGKITVLDLISCREGKDSFKRIFSKEIIVYDENTNEPSRVMPSQPLHIVLESLKREGKEPLVLKGGLSSFKQNHENLCDNSLQLQECREVGGGASAASSLLPQPIPTTPDIENAELTPILPFLFLGNEQDAQDLDTMQRLNIGYVINVTTHLPLYHYEKGLFNYKRLPATDSNKQNLRQYFEEAFEFIEEAHQCGKGLLIHCQAGVSRSATIVIAYLMKHTRMTMTDAYKFVKGKRPIISPNLNFMGQLLEFEEDLNNGVTPRILTPKLMGVETVV,seq_07e6efb399c7bb5c,nadh
fold5_WT_idx010869,test,N[C@H]1[C@H](O)[C@@H](COP(=O)(O)O)OC(O)[C@@H]1O,MLLSKKSEYKTLSTVEHPQYIVFCDFDETYFPHTIDEQKQQDIYELEDYLEQKSKDGELIIGWVTGSSIESILDKMGRGKFRYFPHFIASDLGTEITYFSEHNFGQQDNKWNSRINEGFSKEKVEKLVKQLHENHNILLNPQTQLGKSRYKHNFYYQEQDEINDKKNLLAIEKICEEYGVSVNINRCNPLAGDPEDSYDVDFIPIGTGKNEIVTFMLEKYNLNTERAIAFGDSGNDVRMLQTVGNGYLLKNATQEAKNLHNLITDSEYSKGITNTLKKLIGS,seq_8e05e6865f2072e5,nadph
fold5_WT_idx010919,test,O=[N+]([O-])c1ccc(OS(=O)(=O)O)cc1,MQKISIIFNLFLSLGCLAFTFNGSASETKNEWITLGTMAGPIPNAKHSQPANAMLVNGNTYVVDAGDGTAGQLAKVGLDIKNVDAVFLSHLHFDHTGGLPAILSLRWQTSARNELVVYGPPGTQQTVDGIFEYMTYGTLGHYGVPGQVPAPANTNIKVVEVEDGTQLKLPDFTVDVIRNSHYSWPKGSEEWKKFQALSFKFSLQDYTVVYTGDTGPSSAVEKLSSGVDLLVSEMMDIDHTVNMIKETNPQMPKGKFIGIHKHLSKHHLSPKQVGELAKAANVGSLVITHMAPGLDTQAEIDFYTKQVASEYKGPISVAQDLNRYELKR,seq_1c8c30c2b057a0b9,3-phosphohydroxypyruvate
fold5_WT_idx010927,test,CCOP(=S)(OCC)Oc1nc(Cl)c(Cl)cc1Cl,MQPKIYWIDNLRGIACLMVVMIHTTTWYVTNAHSVSPVTWDIANVLNSASRVSVPLFFMISGYLFFGERSAQPRHFLRIGLCLIFYSAIALLYIALFTSINMELALKNLLQKPVFYHLWFFFAIAVIYLVSPLIQVKNVGGKMLLVLMAVIGIIANPNTVPQKIDGFEWLPINLYINGDTFYYILYGMLGRAIGMMDTQHKALSWVSAALFATGVFIISRGTLYELQWRGNFADTWYLYCGPMVFICAIALLTLVKNTLDTRTIRGLGLISRHSLGIYGFHALIIHALRTRGIELKNWPILDIIWIFCATLAASLLLSMLVQRIDRNRLVS,seq_9ea60071b4ea84cb,nad+
fold5_WT_idx011003,test,NC1C(O)O[C@H](CO)C(O[C@@H]2O[C@H](CO)C(O[C@@H]3O[C@H](CO)[C@@H](O)[C@H](O)[C@H]3N)[C@H](O)C2N)C1O,MRYLATAAVLAGAGLASAYSVPANLQQIYNKHKTGTCQNKLQDGFSDGISGPGTSAYCGDIQGAIFLHSSANGGQYDNMDIDCDGANNSGGDCANDPSGQSMTAFMDTVKQYGISDLDANIHPYVVFGNSGSSPTFDPQQYGMQPLSVMAVVCNNQLFYGVWGDTNGDIATGEASISLAKLCFPNDGITGDNGHDQDDVLYIGFTGQDTVPGASAAWTASDTSTFEESIKGLGDRLVAKLSA,seq_ab5fc15dcf41f1e0,d-mannitol
fold5_WT_idx011243,test,OC[C@H]1O[C@@](CO)(OC[C@@]2(O[C@H]3O[C@H](CO)[C@@H](O)[C@H](O)[C@H]3O)O[C@H](CO)[C@@H](O)[C@@H]2O)[C@@H](O)[C@@H]1O,MISPLLKTLPLLAAVYAAELDLPNLSALNKRQDNSSASTECSLDQTVAPGNLTLCGNATLFTTFRPKARFIAPEGWMNDPMGLYQRADGSIHAGYQSHPKHIQWGNISQGAAYSSDFTSWTDFNGSEGYKTIWPSQIYDIRGVFDGSIIKEGIDGYPTILYTSTSFGPLGATLNEAEGTETQSLAYTTDDGASWIKLGYGAGQNPVIYEWPETNLTGFRDPYVFQSPRLEALLANTTSITNATGDHFATISGGVHGDGARLFLYRQHTTGEFIKWTYLGPLVTTGYKESYGEWSGNYGINFETAGVTRLNPAGAAWDNGSDTTAVDFVTFGTEQGRADHQNHWPLWAAVDYEVRDNGSIEAVIAYSGVQDWGRSYAYASFPVEGYRQVSVGWIYEDDDNVILAKQFGYQGAFTLFRDLFVKVVENVSPSTPGLFEQASWSTKNSTDGMSVTVTTLGQRVVPETLAAYKGNSTVSTLAPVMLNESAAAYTPFSSQPTDRFYALTGSFEFGLNTTAKAGFRVLASEEEYTDIWFDPASENLTVVRTASSLIKSFGNDTELAKVKLYEIVGAESKTLNLTVFVDGSVIEIYANDEVALSTRAYPWLANSTGAGLLADGTTAGDVVGVSGLELWDGLVDAWPARPANTSQGLVWDGPTAAMYGLFAGY,seq_3166ea6f1ccda147,pyruvate
fold5_WT_idx011307,test,OC[C@H]1O[C@@H](OC2[C@@H](CO)O[C@H](O)[C@H](O)[C@H]2O)[C@H](O)[C@@H](O)C1O[C@@H]1O[C@H](CO)[C@@H](O)[C@H](O)[C@H]1O,ASSFEWFGSNESGAEFGSGNIPGVEGTDYTFPNTTAIQILIDAGMNIFRVPFLMERMIPTEMTGSLDTAYFEGYSEVINYITGKGAHAVVDPHNFGRYYGTPISSTSDFQTFWSTLASQFKSNDLVIFDTNNEYHDMDESVVVALNQAAIDGIRDAGATTQYIFVEGNAYSGAWTWTTYNTAMVNLTDPSDLIVYEMHQYLDSDGSGTSDQCVSSTVGQERVVDATTWLQSNGKLGILGEFAGGANSVCEEAVEGMLDYLAENSDVWLGASWWSAGPWWQDYIYSMEPPNGIAYESYLSILETYF,seq_38589386c1334016,h2o2
fold5_WT_idx011331,test,CC(O)=N[C@H]1C(O)O[C@H](CO)[C@@H](O[C@@H]2O[C@H](CO)[C@H](O)[C@H](O)[C@H]2O)[C@@H]1O[C@@H]1O[C@@H](C)[C@@H](O)[C@@H](O)[C@@H]1O,MKVRAIKSFLATTMAMTFLVSMGQGSILTKANTINNMKYVTEAFGAIPTEEQVSYQKEELTAFIHFGVNTFTGREWGDGTENPEIFNPTNLDADQWVKTLADAGFGRVILTAKHHDGFCLWDSAYTKHDVASSPWKNGKGDVVKEVSEACAKYNIKFGVYLSPWDQNSEHYGEGNGGDYNEFYMNQLRELLTNYGPIAEVWMDGAKGSNVKQEYNFEEWFALIKELQPECLIFSPQGPDIRWIGNEKGYAGEPCWSTIDIEKMKERENPTYLNNGEEGGSDWVVGESDVSIRPGWFYHESQDNEVKSLEKMMDIYFKSIGRNSVLLLNVPPNKEGKLHENDVNRLKEFGETIKELFNDDLALNKEVIVDSFANRDETYGANKIVDGDYDTYWAPDNSSKTGTIEIDLGGSKEFDVISLQEYIPLGQRVSSFNIEVLQGENWNKVYEGKTIGYKRLIRISPTKGEKIRINITGSLEVPLINNVGVYKQPISIELPSGPPAGLKVLNDDNKGNELEQFNFSDGWVYETIHGENDLGGDAHYTSKTNATVNIKFNGTKFFLSGTKDSGHGIMEISIDGENPVEVDLYSPNRKCKEIVFESEDLSDGEHEVTVKCTGRKNSSSRGTAAHIDGAYVLDNGGKGMVEFEKVGYEVSENIGTATFKVIRKGGSNGKLEVNYDTLAGTALNGVDYQTWSGTLAFNEGETEKTFDITIIDDKEKEEPKEFYLKLSDPIGGILGFNSRATVTINDDEQIKIETKDTGDGLHQFNFSGGWNKETDGAWTNNMNSTFSIKFRGKQISLIGAKDPNHGIYEISIDGGEFVEVDAYAESRVTNQVIYESEVLTSGEHILNFRLKGENPHGGRADGQLNYALVDTSEDNLVEPEMPTTDLNKDGKVDIGDLSLASKHYGENIKEYDINGDGVIDEFELNSITNDILK,seq_2a512ed3de5acdb8,reactive blue 5
fold5_WT_idx011549,test,C[C@H](N)C(O)=N[C@@H](C)C(O)=N[C@@H](C)C(O)=N[C@@H](C)C(=O)O,MKKVSTLDLLFVAIMGVSPAAFAADLIDVSKLPSKAAQGAPGPVTLQAAVGAGGADELKAIRSTTLPNGKQVTRYEQFHNGVRVVGEAITEVKGPGKSVAAQRSGHFVANIAADLPGSTTAAVSAEQVLAQAKSLKAQGRKTENDKVELVIRLGENNIAQLVYNVSYLIPGEGLSRPHFVIDAKTGEVLDQWEGLAHAEAGGPGGNQKIGKYTYGSDYGPLIVNDRCEMDDGNVITVDMNSSTDDSKTTPFRFACPTNTYKQVNGAYSPLNDAHFFGGVVFKLYRDWFGTSPLTHKLYMKVHYGRSVENAYWDGTAMLFGDGATMFYPLVSLDVAAHEVSHGFTEQNSGLIYRGQSGGMNEAFSDMAGEAAEFYMRGKNDFLIGYDIKKGSGALRYMDQPSRDGRSIDNASQYYNGIDVHHSSGVYNRAFYLLANSPGWDTRKAFEVFVDANRYYWTATSNYNSGACGVIRSAQNRNYSAADVTRAFSTVGVTCPSAL,seq_90220e5ce76fc346,isoeugenol
fold5_WT_idx011610,test,CC(=O)C=O,MTTVMNDKHPTPDPAEDNAFFPSAYSLSQFTASKSDLSGAHYPTPYQGGRWKILVVGADERYLMMDNGTFFSTGNHPVETLLPMYHLDKAGFSFDIATLSGNPVKFEWWAMPREDQEVNGLYSKYQSSFRQPLKLSDVIETALGEDSDYIGVFIPGGHGALMGLPDSQEVKAVLQWAMKQNKFIISLCHGPAAFLAVGDDPLFAGYKIVAFPDEMDAQTPSIGYMPGHLTWKFGEQLQAIGFELLNTGISGQVFQDRKMLTGDSPLAGNALGQLAAKALLAEVEQK,seq_ce66fcb3e6ea3337,scopoletin
fold5_WT_idx011664,test,CC(O)=N[C@@H](CCCN)C(=O)O,MASSSKALIESIGSLDKDSYVSLLSKLIGESKFVQNNPPELIPQEDLIVKHVLDSLRPYSTETGGGPLVINHVAYHSGRGNLIVEYPGSVPGKILSFVGMHMDVVTANPDDWEFDPFSLSIDGDKLRGRGTTDCLGHVALVTELMKKLGQAKPALKSTVVAVFIASEENSSIPGVGVDMLVKDKLLDKLKSGPLYWIDTADKQPCVGTGGMIPWKLQFTGKLFHSGLAHKAINAMELAMEGLKEIQARFYRDFPPHPQEEVYGFATPSTMKPTQWCYPAGGINQIPGECTVSGDVRLTPFYDVKEVITKLQEYVDDINGNIERLETRGPVSKYVLPDENLRGRLTLSFDEASAGVACNLDSPGFHVLCKATEEVVGHVKPYSITGTLPLIRDLQDEGFDVQTSGYGLMATYHAKNEYCLLTDMCQGFDVFIRIISQLEQV,seq_91d1f1fff10f4a4e,l-ornithine
fold5_WT_idx012211,test,N=c1nc(O)c2ncn([C@@H]3O[C@H](COP(=O)(O)OP(=O)(O)OP(=O)(O)O)[C@@H](O)[C@H]3O)c2[nH]1,MNAIADVQSSRDLRNLPINQVGIKDLRFPITLKTAEGTQSTVARLTMTVYLPAEQKGTHMSRFVALMEQHTEVLDFAQLHRLTAEMVALLDSRAGKISVSFPFFRKKTAPVSGIRSLLDYDVSLTGEMKDGAYGHSMKVMIPVTSLCPCSKEISQYGAHNQRSHVTVSLTSDAEVGIEEVIDYVETQASCQLYGLLKRPDEKYVTEKAYENPKFVEDMVRDVATSLIADKRIKSFVVESENFESIHNHSAYAYIAYP,seq_f4b1121c7f301d29,acetyl-coa
fold5_WT_idx012488,test,Nc1ncnc2c1ncn2[C@@H]1O[C@H](COP(=O)(O)OP(=O)(O)OP(=O)(O)O)[C@@H](O)[C@H]1O,MISASRAAAARLVGAAASRGPTAARHQDSWNGLSHEAFRLVSRRDYASEAIKGAVVGIDLGTTNSCVAVMEGKQAKVLENAEGARTTPSVVAFTADGERLVGMPAKRQAVTNPNNTFYATKRLIGRRYDDPEVQKDIKNVPFKIVRASNGDAWVEAHGKLYSPSQIGAFVLMKMKETAENYLGHTAKNAVITVPAYFNDSQRQATKDAGQISGLNVLRVINEPTAAALAYGLDKSEDKVIAVYDLGGGTFDISILEIQKGVFEVKSTNGDTFLGGEDFDQALLRHIVKEFKRETGVDLTKDNMALQRVREAAEKAKCELSSSVQTDINLPYLTMDSSGPKHLNMKLTRAQFEGIVTDLIRRTIAPCQKAMQDAEVSKSDIGEVILVGGMTRMPKVQQTVQDLFGRAPSKAVNPDEAVAIGAAIQGGVLAGDVTDVLLLDVTPLSLGIETLGGVFTKLINRNTTIPTKKSQVFSTAADGQTQVEIKVCQGEREMAGDNKLLGQFTLIGIPPAPRGVPQIEVTFDIDANGIVHVSAKDKGTGREQQIVIQSSGGLSKDDIENMVKNAEKYAEEDRRKKERVEAVNMAEGIIHDTETKMEEFKDQLPADECNKLKEEISKMRELLARKDSETGENIRQAASSLQQASLKLFEMAYKKMASEREGSGSSGTGEQKEDQKEEKQ,seq_c634877932816ff9,pyruvate
fold5_WT_idx012783,test,O=Cc1ccccc1,MRNPGASFLIKHFLVLSLFLCAGTAHNPPEIVRHIVFNRYKSQLSQKQIDQIIADYGNLQNIAPEMKEWKWGTDLGPAVEDRADGFTHAYESTFHSVADFLNFFYSPPALEFAKEFFPACEKIVVLNYIINETFPYTWALPNKYVVT,seq_37de9143346ab4e4,"5,10-methenyltetrahydrofolate"
fold5_WT_idx012957,test,CC(=O)C=O,MTVQTSKNPQVDIAEDNAFFPSEYSLSQYTSPVSDLDGVDYPKPYRGKHKILVIAADERYLPTDNGKLFSTGNHPIETLLPLYHLHAAGFEFEVATISGLMTKFEYWAMPHKDEKVMPFFEQHKSLFRNPKKLADVVASLNADSEYAAIFVPGGHGALIGLPESQDVAAALQWAIKNDRFVISLCHGPAAFLALRHGDNPLNGYSICAFPDAADKQTPEIGYMPGHLTWYFGEELKKMGMNIINDDITGRVHKDRKLLTGDSPFAANALGKLAAQEMLAAYAG,seq_ae049fded6505986,"5,5'-dithio-bis(2-nitrobenzoic acid)"
fold5_WT_idx013015,test,N[C@H](CCC(=O)O)C(=O)O,MTISFLLRSCLRSAVRSLPKAALIRNTSSMTEGLQPASVVVLPRSLAPAFESFCQGNRGPLPLLGQSEAVKTLPQLSAVSDIRTICPQLQKYKFGTCTGILTSLEEHSEQLKEMVTFIIDCSFSIEEALEQAGIPRRDLTGPSHAGAYKTTVPCATIAGFCCPLVVTMRPIPKDKLERLLQATHAIRGQQGQPIHIGDPGLLGIEALSKPDYGSYVECRPEDVPVFWPSPLTSLEAVISCKAPLAFASPPGCMVMVPKDTASSASCLTPEMVPEVHAISKDPLHYSIVSAPAAQKVRELESTIAVDPGNRGIGHLLLKDELLQAALSLSHARSVLVTTGFPTHFNHEPPEETDGPPGAIALAAFLQALGKETAMVVDQRALNLHMRIVEDAIRQGVLKTPIPILTYQGRSMEDARAFLCKDGDPKSPRFDHLVAIERAGRAADGNYYNARKMNIKHLVDPIDDIFLAAQKIPGISSTGVGDGGNELGMGKVKAAVKKHIRNGDVIACDVEADFAVIAGVSNWGGYALACALYILNSCQVHERYLRRATGPSRRAGEQSWIQALPSVAKEEKMLGILVENQVRSGVSGIVGMEVDGLPFHDVHAEMIRKLVGATTVHM,seq_7355da40c0d5607a,sulfite
fold5_WT_idx013120,test,CC(C)=CCC/C(C)=C/CC/C(C)=C/CC/C(C)=C/COP(=O)(O)OP(=O)(O)O,MTDPAVTPLAFSIPQLYCPFPTAIHPEVDTLTRAGMDFMTHHGFCNTEADRLVVANIDAGAIVARWYPNPDFPVDRLQMVTDFLYLYFLIDDLRFEVINSDTGLAGPIALFAQHLDLWEYPQAHRREELDLFHQAIHDLASRMAELTTPTKAARMRRSINGWFLALLREIALFNDDHAVMAEEYLPIRVVTVASRLMIDVNGFICPAEVPGDEWYSLKVQAAAEAAMSVCLYDNELYSAGKEQWLKSRATAHDRRPRNLVALIQAQTGGSTEHALQEVAEYRNRTVCLYLNLRSQLEKTASPALLAYLSVLDGVISGNLDAHATSSRYHNPDGHHPHAIAFTPLRTTDECSARAHTPIAPPIAWWWEQLDQ,seq_62db1e23f4a61396,(r)-reticuline
fold5_WT_idx013620,test,OC1OC[C@H](O)[C@H](O)[C@H]1O,MTKLSFIEQGLRVLDIERQALFDIKQYVDDNFHQACQLMYDCSGRIIIIGMGKSGHIGHKIAATLASTGSPAFFVHPGEASHGDLGMITKNDVVMLISNSGETSEVLNIIPVLKRLGAKIISMTGNTQSTMATLANVHVCIKVEKEACSLGLAPTASTTATLAMGDAMAVALLEARGFTADDFALSHPGGSLGKRLLLTLKDVMHSGVNTPIITTSQTIKDALIEMTAKGLGMTAIVDDNQQLAGLFTDGDLRRILEQRVDIHTTSIDAVMTKSCTTATQDMLAAQALNIMEHKRINGLIIINEHNQPIGALNMQDLLKAGVL,seq_c37133e5f08d79e1,l-gln-l-glu
fold5_WT_idx013778,test,N[C@@H](Cc1ccc(O)cc1)C(=O)O,MGDAPSPEEKLHLITRNLQEVLGEEKLKEILKERELKVYWGTATTGKPHVAYFVPMSKIADFLKAGCEVTILFADLHAYLDNMKAPWELLELRTSYYENVIKAMLESIGVPLEKLKFIKGTDYQLSKEYTLDVYRLSSVVTQHDAKKAGAEVVKQVEHPLLSGLLYPGLQALDEEYLKVDAQFGGVDQRKIFTFAEKYLPALGYSKRVHLMNPMVPGLTGSKMSSSEEESKIDLLDRKEDVKKKLKKAFCEPGNVENNGVLSFIKHVLFPLKSEFVILRDEKWGGNKTYTVYLELEKDFAAEVVHPGDLKNSVEVALNKLLDPIREKFNTPALKKLASAAYPDPPKQKPTAKGPAKNSEPEEIIPSRLDIRVGKIVSVEKHPDADSLYVEKIDVGEAEPRTVVSGLVQFVPKEELQDRLVVVLCNLKPQKMRGVDSQGMLLCASIEGVSRQVEPLDPPEGSAPGERVFVKGYEKGQPDEELKPKKKVFEKLQADFRISEECIAQWKQTNFMTKLGCISCKSLKGGNIS,seq_f7987482f32a1c7d,d-glycerate
fold5_WT_idx014100,test,O=C([O-])CCC(=O)[O-],MNKGENMNLEMWVQNISATFPWYAQLLRDKQADLSRLESLPLITEELLTQHYYHAENSFPGEHHSYLTSGTTSGKRKRIFYSDNDQRIYLQQRMDIIRDFCGEGHTRACADLGTGHAAATAGEIFQAMGCDVELIDFTRPIEQHIEVLNRFKPDIFFTMPMILDSLIATGKLDFQPKRIILLGDVASLNWQNKVADYFHIQPAQVLDLFGSIEIGSIAFYNHAQKRYQFDSYVRPEVVPVQSLYPGAKYGGDGGILLLTSFAREYFPAVRFVTNDLIEGFAQENVGGRTVYTYQRCLGRFAGEFKHGEKINLSDISDALANNLPYHKYDLADHEGGLVIRIAAKSIPTEVIEAIKHDLLARNPDIAQMISSGLVGDIRIQCVDAQEITGNVSKRRY,seq_eca1c04dec5145d0,5-phospho-alpha-d-ribose 1-diphosphate
fold5_WT_idx014150,test,COC1=C(OC)C(=O)C(CC=C(C)C)=C(C)C1=O,MLVKFRKCGQANIFRSISNVRKIYNVAKNNLKNNKDIERKEKIIILGSGWGGFNFLLNIDFKKYDVTLISPRNYFTFTPLLPCLCSGTLSVNVCTESIRNFLRKKNGYCGNYLQLECTDVFYEDKYINCIDIENNKVKLFYDYLIIAVGAKTNTFNINGVDKYAYFVKDIDDALKIRKKFLDILEKCTLPNISNEEKKKMLHVAVVGGGPTGVEVTAEFADFINKEVKINYKDIFNFISISIIEGGNNLLPTFTQNISDFTKENFHNLNINVLTNYYVIDVDKHSFHIQSSLNKNEKKKLSYGLLIWASGLAQTTLIQKFLKTIPVQANNAILKVDEKLRVIGIPSNNIYAIGDCKKIQPKLLHEHTNEIIKILTGNKLTSEALKLKQSELTKTFPQLSISKWDYEKNKKGEMTPQQFHDYLFEIDKNYKSPTPTAQNAKQEAYYLSNVFNNFIHTNQKFNIPSFIEKWKGSLAYIGNHQVVADLPYYELKGGRFSSTFWKVVYIQLLLSWKSRFHFFIDFIKTKWYGRPFIK,seq_64d6632bec2db094,l-tryptophan
fold5_WT_idx014157,test,O=[N+]([O-])c1ccc(OP(=O)(O)O)cc1,MVKDTYISSASKTPPMERTVRVTGMTCAMCVKSIETAVGSLEGVEEVRVNLATETAFIRFDEKRIDFETIKRVIEDLGYGVVDEQAAVSAEVEHLSRMKRKLYVAAFAGVLLLFLAHFISLPYEDFVQLLIALPAIFYSGSSIFKAAFSALRRRTLNMDVMYSMGVGAAFLASVLSTAGVLPREYSFYETSVLLLAFLLLGRTLEARAKSRTGEAIKKLVGLQAKTAVVIRDGKEIAVPVEEVAVGDIVIVRPGEKIPVDGVVVEGESYVDESMISGEPVPVLKSKGDEVFGATINNTGVLKIRATRVGGETLLAQIVKLVEDAMGSKPPIQRLADKVVAYFIPTVLLVAISAFIYWYFIAHAPLLFAFTTLIAVLVVACPCAFGLATPTALTVGMGKGAELGILIKNADALEVAEKVTAVIFDKTGTLTKGKPEVTDLVPLNGDERELLRLAAIAERRSEHPIAEAIVKKALEHGIELGEPEKVEVIAGEGVVADGILVGNKRLMEDFGVAVSNEVELALEKLEREAKTAVIVARNGRVEGIIAVSDTLKESAKPAVQELKRMGIKVGMITGDNWRSAEAISRELNLDLVIAEVLPHQKSEEVKKLQAKEVVAFVGDGINDAPALAQADLGIAVGSGSDVAVESGDIVLIRDDLRDVVAAIQLSRKTMSKIKQNIFWALIYNVILIPAAAGLLYPIFGVVFRPEFAGLAMAMSSVSVVANSLLLRNYVPPIRRGGDSVEKIVLELSGLSCHHCVARVKKALEEAGAKVEKVDLNEAVVAGNKEDVDKYIKAVEAAGYQAKLRS,seq_82fea28e76bd9f1a,validamine 7-phosphate
fold5_WT_idx014158,test,Nc1ncnc2c1ncn2[C@@H]1O[C@H](COP(=O)(O)OP(=O)(O)OP(=O)(O)O)[C@@H](O)[C@H]1O,MVKDTYISSASKTPPMERTVRVTGMTCAMCVKSIETAVGSLEGVEEVRVNLATETAFIRFDEKRIDFETIKRVIEDLGYGVVDEQAAVSAEVEHLSRMKRKLYVAAFAGVLLLFLAHFISLPYEDFVQLLIALPAIFYSGSSIFKAAFSALRRRTLNMDVMYSMGVGAAFLASVLSTAGVLPREYSFYETSVLLLAFLLLGRTLEARAKSRTGEAIKKLVGLQAKTAVVIRDGKEIAVPVEEVAVGDIVIVRPGEKIPVDGVVVEGESYVDESMISGEPVPVLKSKGDEVFGATINNTGVLKIRATRVGGETLLAQIVKLVEDAMGSKPPIQRLADKVVAYFIPTVLLVAISAFIYWYFIAHAPLLFAFTTLIAVLVVACPCAFGLATPTALTVGMGKGAELGILIKNADALEVAEKVTAVIFDKTGTLTKGKPEVTDLVPLNGDERELLRLAAIAERRSEHPIAEAIVKKALEHGIELGEPEKVEVIAGEGVVADGILVGNKRLMEDFGVAVSNEVELALEKLEREAKTAVIVARNGRVEGIIAVSDTLKESAKPAVQELKRMGIKVGMITGDNWRSAEAISRELNLDLVIAEVLPHQKSEEVKKLQAKEVVAFVGDGINDAPALAQADLGIAVGSGSDVAVESGDIVLIRDDLRDVVAAIQLSRKTMSKIKQNIFWALIYNVILIPAAAGLLYPIFGVVFRPEFAGLAMAMSSVSVVANSLLLRNYVPPIRRGGDSVEKIVLELSGLSCHHCVARVKKALEEAGAKVEKVDLNEAVVAGNKEDVDKYIKAVEAAGYQAKLRS,seq_82fea28e76bd9f1a,"2-methyl-1-(2,4,6-trihydroxyphenyl)propan-1-one"
