pair_id,split,SMILES,sequence,pdbpath,substrate_name,log10kcat_max,log10kcat_max_mve_uncal_var,log10kcat_max_model_0,log10kcat_max_model_1,log10kcat_max_model_2,log10kcat_max_model_3,log10kcat_max_model_4,log10kcat_max_model_5,log10kcat_max_model_6,log10kcat_max_model_7,log10kcat_max_model_8,log10kcat_max_model_9
fold5_MD_idx000909,test,C[S+](CC[C@H](N)C(=O)[O-])C[C@H]1O[C@@H](n2cnc3c(N)ncnc32)[C@H](O)[C@@H]1O,MATIFSGGSVSPFLFHTNKGTSFTPKAPILHLKRSFSAKSVASVGTEPSLSPAVQTFWKWLQEEGVITAKTPVKASVVTEGLGLVALKDISRNDVILQVPKRLWINPDAVAASEIGRVCSELKPWLSVILFLIRERSREDSVWKHYFGILPQETDSTIYWSEEELQELQGSQLLKTTVSVKEYVKNECLKLEQEIILPNKRLFPDPVTLDDFFWAFGILRSRAFSRLRNENLVVVPMADLINHSAGVTTEDHAYEVKGAAGLFSWDYLFSLKSPLSVKAGQQVYIQYDLNKSNAELALDYGFIEPNENRHAYTLTLEISESDPFFDDKLDVAESNGFAQTAYFDIFYNRTLPPGLLPYLRLVALGGTDAFLLESLFRDTIWGHLELSVSRDNEELLCKAVREACKSALAGYHTTIEQDRELKEGNLDSRLAIAVGIREGEKMVLQQIDGIFEQKELELDQLEYYQERRLKDLGLCGENGDILGDLGKFF,seq_ecfd8d80f011f6af,nadph,-3.9425393935358883,0.27255737822923365,-3.9629709731752305,-3.939564388131698,-3.5737298274865745,-4.125919554145662,-3.5955566122546267,-4.184240878996971,-4.127385971626252,-3.9155141070806803,-3.7012989981073625,-4.299212624353826
fold5_WT_idx001070,test,CCn1c(=NN=c2sc3cc(S(=O)(=O)O)ccc3n2CC)sc2cc(S(=O)(=O)O)ccc21,GPSTDLVIGNKGFDGGIDSAILR,seq_83de11889cdd5a0d,nadph,1.7877121346044351,0.7887341778712771,0.8359675442640947,1.7131123735128568,2.1235906139775405,2.0077085241280215,1.703054772583777,1.723080760084904,2.2398185213514767,2.1763184870728223,1.4335855920074305,1.9208841570614263
fold5_WT_idx001406,test,N=C(N)NCCC[C@H](N)C(=O)O,MEEKEILWNEAKAFIAACYQELGKEEEVKDRLADIKSEIDLTGSYVHTKEELEHGAKMAWRNSNRCIGRLFWNSLNVIDRRDVRTKEEVRDALFHHIETATNNGKIRPTITIFPPEEKGEKQVEIWNHQLIRYAGYESDGERIGDPASCSLTAACEELGWRGERTDFDLLPLIFRMKGDEQPVWYELPRSLVIEVPITHPDIEAFSDLELKWYGVPIISDMKLEVGGIHYNAAPFNGWYMGTEIGARNLADEKRYDKLKKVASVIGIAADYNTDLWKDQALVELNKAVLHSYKKQGVSIVDHHTAASQFKRFEEQEEEAGRKLTGDWTWLIPPISPAATHIFHRSYDNSIVKPNYFYQDKPYE,seq_5f261369c533f3f8,indole-3-acetaldehyde,1.2417400092982562,0.17951380281049523,1.5939953432289304,1.6833723150594508,1.1547868349631902,1.1153448892350266,0.732393417878788,1.7768937761483063,1.474378185415084,0.9959289081800865,0.674821264871792,1.215485158001907
fold5_WT_idx001645,test,N[C@@H](CC1(C(=O)O)C=CC(O)C=C1)C(=O)[O-],MLLHFSPAKPLISPPNLRRNSPTFLISPPRSLRIRAIDAAQIFDYETQLKSEYRKSSALKIAVLGFGNFGQFLSKTLIRHGHDLITHSRSDYSDAANSIGARFFDNPHDLCEQHPDVVLLCTSILSTESVLRSFPFQRLRRSTLFVDVLSVKEFPKALFIKYLPKEFDILCTHPMFGPESGKHSWSGLPFVYDKVRIGDAASRQERCEKFLRIFENEGCKMVEMSCEKHDYYAAGSQFVTHTMGRVLEKYGVESSPINTKGYETLLDLVENTSSDSFELFYGLFMYNPNALEQLERLDMAFESVKKELFGRLHQQYRKQMFGGEVQSPKKTEQKLLNDGGVVPMNDISSSSSSSSSSS,seq_30c67122aa6d5b38,nadh,0.9540536955660851,0.1900549390812022,1.0162943820446333,1.0435831529585613,0.8374321963546757,0.7019096080743346,0.9294495140757604,0.972001452274038,0.9616795898659888,1.0474286199600193,0.845583685800216,1.1851747542526223
fold5_WT_idx001646,test,O=C(O)C(=O)CC1(C(=O)O)C=CC(O)C=C1,MLLHFSPAKPLISPPNLRRNSPTFLISPPRSLRIRAIDAAQIFDYETQLKSEYRKSSALKIAVLGFGNFGQFLSKTLIRHGHDLITHSRSDYSDAANSIGARFFDNPHDLCEQHPDVVLLCTSILSTESVLRSFPFQRLRRSTLFVDVLSVKEFPKALFIKYLPKEFDILCTHPMFGPESGKHSWSGLPFVYDKVRIGDAASRQERCEKFLRIFENEGCKMVEMSCEKHDYYAAGSQFVTHTMGRVLEKYGVESSPINTKGYETLLDLVENTSSDSFELFYGLFMYNPNALEQLERLDMAFESVKKELFGRLHQQYRKQMFGGEVQSPKKTEQKLLNDGGVVPMNDISSSSSSSSSSS,seq_30c67122aa6d5b38,3-hydroxypyruvate,0.8996174822218179,0.19136028072138267,1.0864936176244664,0.9098914139803372,0.4100345948072559,0.5034016961613125,1.015158204386488,1.1143040923666185,0.9094270138415156,1.0871683198480113,0.9389247663001381,1.0213711029020358
fold5_MD_idx001667,test,N[C@@H](CS)C(=O)O,STRRQAITLYRNLLRESEKLPSYNFRMYAARKIRDTFRANRSTRDFAEIDRQMAEGQQNLELIRRQVIIGHLYSADKLVIENKKTLKPSDD,seq_4349b9b514fdcf47,pyruvate,0.3042391428227538,0.8081093339884743,0.5358657265326765,0.7175384068994786,0.6948018992549626,-0.01599553812630017,0.2650521144388406,1.1421338247786486,0.31014415359117964,1.3195523627894252,-1.0238064672015201,-0.902895054729853
fold5_WT_idx001975,test,O=N[O-],MAEQMQISRRTILAGAALAGALAPVLATTSAWGQGAVRKATAAEIAALPRQKVELVDPPFVHAHSQVAEGGPKVVEFTMVIEEKKIVIDDAGTEVHAMAFNGTVPGPLMVVHQDDYLELTLINPETNTLMHNIDFHAATGALGGGGLTEINPGEKTILRFKATKPGVFVYHCAPPGMVPWHVVSGMNGAIMVLPREGLHDGKGKALTYDKIYYVGEQDFYVPRDENGKYKKYEAPGDAYEDTVKVMRTLTPTHVVFNGAVGALTGDKAMTAAVGEKVLIVHSQANRDTRPHLIGGHGDYVWATGKFNTPPDVDQETWFIPGGAAGAAFYTFQQPGIYAYVNHNLIEAFELGAAAHFKVTGEWNDDLMTSVLAPSGT,seq_d09f5e08a200bbbb,l-malate,1.695913242870192,0.19037611505491592,1.8839453354476636,1.5294195150898044,2.1814507493377002,1.3371588708520314,1.3196492851873385,2.1244136338264195,1.048226215706316,1.6694749162686575,1.4469919140001766,2.4184019929858134
fold5_WT_idx001982,test,N=C(O)C1=CN([C@@H]2O[C@H](COP(=O)(O)OP(=O)(O)OC[C@H]3O[C@@H](n4cnc5c(N)ncnc54)[C@H](O)[C@@H]3O)[C@@H](O)[C@H]2O)C=CC1,MSRKIVVVGGVAGGASVAARLRRLSEEDEIIMVERGEYISFANCGLPYYIGGVITERQKLLVQTVERMSKRFNLDIRVLSEVVKINKEEKTITIKNVTTNETYNEAYDVLILSPGAKPIVPSIPGIEEAKALFTLRNVPDTDRIKAYIDEKKPRHATVIGGGFIGVEMVENLRERGIEVTLVEMANQVMPPIDYEMAAYVHEHMKNHDVELVFEDGVDALEENGAVVRLKSGSVIQTDMLILAIGVQPESSLAKGAGLALGVRGTIKVNEKFQTSDPHIYAIGDAIEVKDFVTETETMIPLAWPANRQGRMLADIIHGHTDSLYKGTLGTSVAKVFDLTVATTGLNEKILKRLNIPYEVVHVQANSHAGYYPNATPVLIKLIFNKDSGKIYGAQTLGRDGVDKRMDVIATAIKANLTVLDLPDLELSYAPPYSSAKDPVNMVGYAASNIVDGFVDTVQWHEIDRIVENGGYLIDVREPNELKQGMIKGSINIPLDELRDRLEEVPVDKDIYITCQLGMRGYVAARMLMEKGYKVKNVDGGFKLYGTVLPERIVY,seq_d988e52c81ae4b65,l-malate,1.2526952128311308,0.2614091348855514,0.9056220140546815,0.8020992828967957,1.2341510492573033,1.3634947103474298,1.6216400080658786,1.8807949845457608,0.6265525680199631,0.9747821218056036,1.516559916977335,1.601255472340557
fold5_WT_idx002242,test,O=C[C@H](O)[C@@H](O)[C@H](O[C@H]1O[C@H](CO)[C@@H](O[C@H]2O[C@H](CO)[C@@H](O[C@H]3O[C@H](CO)[C@@H](O[C@H]4O[C@H](CO)[C@@H](O[C@H]5O[C@H](CO)[C@@H](O[C@H]6O[C@H](CO)[C@@H](O)[C@H](O)[C@H]6O)[C@H](O)[C@H]5O)[C@H](O)[C@H]4O)[C@H](O)[C@H]3O)[C@H](O)[C@H]2O)[C@H](O)[C@H]1O)[C@H](O)CO,MSQPIFNDKQFQEALSRQWQRYGLNSAAEMTPRQWWLAVSEALAEMLRAQPFAKPVANQRHVNYISMEFLIGRLTGNNLLNLGWYQDVQDSLKAYDINLTDLLEEEIDPALGNGGLGRLAACFLDSMATVGQSATGYGLNYQYGLFRQSFVDGKQVEAPDDWHRSNYPWFRHNEALDVQVGIGGKVTKDGRWEPEFTITGQAWDLPVVGYRNGVAQPLRLWQATHAHPFDLTKFNDGDFLRAEQQGINAEKLTKVLYPNDNHTAGKKLRLMQQYFQCACSVADILRRHHLAGRKLHELADYEVIQLNDTHPTIAIPELLRVLIDEHQMSWDDAWAITSKTFAYTNHTLMPEALERWDVKLVKGLLPRHMQIINEINTRFKTLVEKTWPGDEKVWAKLAVVHDKQVHMANLCVVGGFAVNGVAALHSDLVVKDLFPEYHQLWPNKFHNVTNGITPRRWIKQCNPALAALLDKSLQKEWANDLDQLINLEKFADDAKFRQQYREIKQANKVRLAEFVKVRTGIEINPQAIFDIQIKRLHEYKRQHLNLLHILALYKEIRENPQADRVPRVFLFGAKAAPGYYLAKNIIFAINKVADVINNDPLVGDKLKVVFLPDYCVSAAEKLIPAADISEQISTAGKEASGTGNMKLALNGALTVGTLDGANVEIAEKVGEENIFIFGHTVEQVKAILAKGYDPVKWRKKDKVLDAVLKELESGKYSDGDKHAFDQMLHSIGKQGGDPYLVMADFAAYVEAQKQVDVLYRDQEAWTRAAILNTARCGMFSSDRSIRDYQARIWQAKR,seq_497fd48c2454fffd,isocitrate,1.4638627566952656,0.11519824788699928,1.3860315051391905,1.4601819135553018,1.4665594968507314,1.3237323090358115,1.7296676539872178,1.5570325023651974,1.51977322516798,1.360149818439556,1.2985527005371724,1.5369464418744967
fold5_WT_idx002551,test,N[C@H](COP(=O)(O)O)Cc1cnc[nH]1,MNPLDLIAKRAYPYETEKRDKTYLALNENPFPFPEDLVDEVFRRLNSDALRIYYDSPDEELIEKILSYLDTDFLSKNNVSVGNGADEIIYVMMLMFDRSVFFPPTYSCYRIFAKAVGAKFLEVPLTKDLRIPEVNVGEGDVVFIPNPNNPTGHVFEREEIERILKTGAFVALDEAYYEFHGESYVDFLKKYENLAVIRTFSKAFSLAAQRVGYVVASEKFIDAYNRVRLPFNVSYVSQMFAKVALDHREIFEERTKFIVEERERMKSALREMGYRITDSRGNFVFVFMEKEEKERLLEHLRTKNVAVRSFREGVRITIGKREENDMILRELEVFK,seq_246b52bd51f9eb35,2-deoxy-d-glucose,-1.7701000395360098,0.2688547599647322,-2.2336472363914126,-1.911986015884236,-1.5438660957119161,-1.1989980030139624,-1.9702691486362123,-1.6991949550313112,-2.0653066073137736,-2.228536656099593,-1.342756048656148,-1.5064396286215307
fold5_WT_idx002575,test,Nc1ncnc2c1ncn2[C@@H]1O[C@H](COP(=O)(O)OP(=O)(O)OP(=O)(O)O)[C@@H](O)[C@H]1O,MQSQDSCYGVAFRSIITNDEALFKKTIHFYHTLGFATVKDFNKFKHGENSLLSSGTSQDSLREVWLESFKLSEVDASGFRIPQQEATNKAQSQGALLKIRLVMSAPIDETFDTNETATITYFSTDLNKIVEKFPKQAEKLSDTLVFLKDPMGNNITFSGLANATDSAPTSKDAFLEATSEDEIISRASSDASDLLRQTLGSSQKKKKIAVMTSGGDSPGMNAAVRAVVRTGIHFGCDVFAVYEGYEGLLRGGKYLKKMAWEDVRGWLSEGGTLIGTARSMEFRKREGRRQAAGNLISQGIDALVVCGGDGSLTGADLFRHEWPSLVDELVAEGRFTKEEVAPYKNLSIVGLVGSIDNDMSGTDSTIGAYSALERICEMVDYIDATAKSHSRAFVVEVMGRHCGWLALMAGIATGADYIFIPERAVPHGKWQDELKEVCQRHRSKGRRNNTIIVAEGALDDQLNPVTANDVKDALIELGLDTKVTILGHVQRGGTAVAHDRWLATLQGVDAVKAVLEFTPETPSPLIGILENKIIRMPLVESVKLTKSVATAIENKDFDKAISLRDTEFIELYENFLSTTVKDDGSELLPVSDRLNIGIVHVGAPSAALNAATRAATLYCLSHGHKPYAIMNGFSGLIQTGEVKELSWIDVENWHNLGGSEIGTNRSVASEDLGTIAYYFQKNKLDGLIILGGFEGFRSLKQLRDGRTQHPIFNIPMCLIPATVSNNVPGTEYSLGVDTCLNALVNYTDDIKQSASATRRRVFVCEVQGGHSGYIASFTGLITGAVSVYTPEKKIDLASIREDITLLKENFRHDKGENRNGKLLVRNEQASSVYSTQLLADIISEASKGKFGVRTAIPGHVQQGGVPSSKDRVTASRFAVKCIKFIEQWNKKNEASPNTDAKVLRFKFDTHGEKVPTVEHEDDSAAVICVNGSHVSFKPIANLWENETNVELRKGFEVHWAEYNKIGDILSGRLKLRAEVAALAAENK,seq_9aaa9713c0af729d,d-galactose,0.4972908073506592,0.34690304617880363,0.7931807066280574,0.1952689327978694,-0.4777672598723036,0.6954734933975073,-0.3380737885097732,1.0577401138098514,0.328624753489662,0.8332052310589169,0.8385977018651398,1.046658188841665
fold5_WT_idx002636,test,Nc1ncnc2c1ncn2[C@@H]1O[C@H](COP(=O)(O)OP(=O)(O)OP(=O)(O)O)[C@@H](O)[C@H]1O,MKFAVSSKGDQVSDTLKSKIQAYLLDFDMELDENEPEIVISVGGDGTLLYAFHRYSDRLDKTAFVGVHTGHLGFYADWVPHEIEKLVLAIAKTPYHTVEYPLLEVIVTYHENEREERYLALNECTIKSIEGSLVADVEIKGQLFETFRGDGLCLSTPSGSTAYNKALGGAIIHPSIRAIQLAEMASINNRVFRTVGSPLLLPSHHDCMIKPRNEVDFQVTIDHLTLLHKDVKSIRCQVASEKVRFARFRPFPFWKRVQDSFIGKGE,seq_34a701dcd37c57b7,"2,2'-azino-bis(3-ethylbenzthiazoline-6-sulfonic acid)",-0.6294854739259752,0.5997663909846357,-0.09943015746002504,-0.5696617275837704,-1.2182448319052863,-0.04015661604881726,-0.17735089191133102,-1.7879422545158192,-0.19979173402645045,-0.8356250425210757,-0.4816442552474288,-0.8850072280397477
fold5_WT_idx002638,test,N=C(O)c1ccc[n+]([C@@H]2O[C@H](COP(=O)(O)OP(=O)([O-])OC[C@H]3O[C@@H](n4cnc5c(N)ncnc54)[C@H](O)[C@@H]3O)[C@@H](O)[C@H]2O)c1,MNNHFKCIGIVGHPRHPTALTTHEMLYRWLCTKGYEVIVEQQIAHELQLKNVKTGTLAEIGQLADLAVVVGGDGNMLGAARTLARYDIKVIGINRGNLGFLTDLDPDNAQQQLADVLEGHYISEKRFLLEAQVCQQDCQKRISTAINEVVLHPGKVAHMIEFEVYIDEIFAFSQRSDGLIISTPTGSTAYSLSAGGPILTPSLDAITLVPMFPHTLSARPLVINSSSTIRLRFSHRRNDLEISCDSQIALPIQEGEDVLIRRCDYHLNLIHPKDYSYFNTLSTKLGWSKKLF,seq_3939a1dd105a0c8a,"2,2'-azino-bis(3-ethylbenzthiazoline-6-sulfonic acid)",1.1832809792087853,0.15902334346199276,0.9504075731097836,1.4216043624502936,1.2896493165683638,1.4370215879855852,1.1209202270949832,0.7086931813423474,1.374521510390995,1.335168306591552,1.2357060594787248,0.9591176670752243
fold5_WT_idx002711,test,Cc1[nH]c(=N)[nH]c(=N)c1OCCCOc1cc(Cl)c(Cl)cc1Cl,MQSTANYLWHTDDLLGQGATASVYKARNKKSGELVAVKVFNTTSYLRPREVQVREFEVLRKLNHQNIVKLFAVEETGGSRQKVLVMEYCSSGSLLSVLESPENAFGLPEDEFLVVLRCVVAGMNHLRENGIVHRDIKPGNIMRLVGEEGQSIYKLTDFGAARELDDDEKFVSVYGTEEYLHPDMYERAVLRKPQQKAFGVTVDLWSIGVTLYHAATGSLPFIPFGGPRRNKEIMYRITTEKPAGAIAGAQRRENGPLEWSYTLPITCQLSLGLQSQLVPILANILEVEQAKCWGFDQFFAETSDILQRVVVHVFSLSQAVLHHIYIHAHNTIAIFQEAVHKQTSVAPRHQEYLFEGHLCVLEPSVSAQHIAHTTASSPLTLFSTAIPKGLAFRDPALDVPKFVPKVDLQADYNTAKGVLGAGYQALRLARALLDGQELMFRGLHWVMEVLQATCRRTLEVARTSLLYLSSSLGTERFSSVAGTPEIQELKAAAELRSRLRTLAEVLSRCSQNITETQESLSSLNRELVKSRDQVHEDRSIQQIQCCLDKMNFIYKQFKKSRMRPGLGYNEEQIHKLDKVNFSHLAKRLLQVFQEECVQKYQASLVTHGKRMRVVHETRNHLRLVGCSVAACNTEAQGVQESLSKLLEELSHQLLQDRAKGAQASPPPIAPYPSPTRKDLLLHMQELCEGMKLLASDLLDNNRIIERLNRVPAPPDV,seq_325d44db452319f1,syringaldazine,2.795188841783834,1.5328447446943372,2.0678705291416506,2.2129062198567913,2.0539818329776582,3.007880038750986,3.607991699880862,1.8325210661178513,5.127480285166279,2.6689987565404563,4.019557122214802,1.352700867190999
fold5_WT_idx002882,test,CC(C)(COP(=O)(O)OP(=O)(O)OC[C@H]1O[C@@H](n2cnc3c(N)ncnc32)[C@H](O)[C@@H]1OP(=O)(O)O)[C@@H](O)C(O)=NCCC(O)=NCCS,MIYGIGLDITELKRIASMAGRQKRFAERILTRSELDQYYELSEKRKNEFLAGRFAAKEAFSKAFGTGIGRQLSFQDIEIRKDQNGKPYIICTKLSQAAVHVSITHTKEYAAAQVVIERLSS,seq_56d24547678c0811,syringaldazine,1.8032269464237412,0.6110482756514455,3.2646238405847803,1.1595108943018126,1.8511791996030706,2.096983550901732,1.2362955505535655,1.6322972945754801,1.4719191711862392,2.098199133813273,1.9694044344217434,1.251856394295719
fold5_WT_idx002897,test,O=S([O-])(O)=S,MSQSISSSTKAEEVVSVDVSQAKTLLQSGHQYLDVRTQDEFRRGHCEAAKIVNIPYMLNTPQGRVKNQEFLEQVSSLLNPADDILVGCQSGARSLKATTELVAAGYKKVRNVGGGYLAWVDHSFPINTEEEEPSAN,seq_f08f00e3bbea4c31,cu2+,0.8239542057437598,0.06536437086450131,0.6640898568464952,0.8458064606139934,0.41904101787738657,0.8378785789479386,0.6476546726219857,1.1540037228743547,0.8290774384117157,0.7262411331589079,1.0667022405095659,1.049046935575255
fold5_WT_idx003132,test,CCCCCCCCCCCCCCCCOCC(O)COP(=O)([O-])OCC[N+](C)(C)C,MKGKLLKGVLSFGIGLGVLYGGSSVQADTSTDQNNTLKVMTHNVYMLSTNLYPNWGQSQRADLIGAADYIKNQDVVILNEVFDNSASDRLLGNLKKEYPNQTAVLGRSNGNEWDKTLGSYSSSTPEDGGVAIVSKWPIVEKIQYVFAKGCGPDNLSNKGFVYTKIKKNDRFVHVIGTHLQAEDSMCGKTSPASVRTNQLKEIQDFIKNKNIPNDEYVLFGGDMNVNKINAENNSDSEYASMFKTLHASIPSYTGHTATWDATTNSIAKYNFPDSPAEYLDYIIASKDHANPSFIENKVLQPKSPQWTVTSWLKKYTYDDYSDHYPVAATISMK,seq_67ce365a551b1cbe,h2o2,2.686885218161386,1.6038277547344189,1.9654895453230625,1.9659843518183102,3.8988114077574227,0.7353493520979604,5.020353435712771,1.647071669501318,1.9814944219492427,3.9932918983197307,2.6029420396956033,3.0580640594384394
fold5_WT_idx003133,test,CCCCCCCCCCCCCCCCOCC(O)COP(=O)([O-])OCC[N+](C)(C)C,MKGKLLKGVLSLGVGLGALYSGTSAQAEASTNQNDTLKVMTHNVYMLSTNLYPNWGQTERADLFGAADYIKNQDVVILNEVFDNSASDRLLGNLKKEYPNQTAVLGRSSGSEWDKTLGNYSSSTPEDGGVAIVSKWPIAEKIQYVFAKGCGPDNLSNKGFVYTKIKKNDRFVHVIGTHLQAEDSMCGKTSPASVRTNQLKEIQDFIKNKNIPNNEYVLIGGDMNVNKINAENNNDSEYASMFKTLNASVPSYTGHTATWDATTNSIAKYNFPDSLAEYLDYIIASKDHANPSYIENKVLQPKSPQWTVTSWFKNIRIMITLIIIQVEATISMK,seq_b90b25e682fc31d2,h2o2,2.2515391122088584,1.025025997877866,1.303307417986782,1.9659904187924226,3.174554935329649,0.869068743672844,1.9635890905469435,1.6942373208384645,2.0935806746347168,4.509614071859591,2.2533482714569066,2.6881001769702624
fold5_WT_idx003491,test,Cc1onc(-c2ccccc2)c1C(O)=N[C@@H]1C(=O)N2[C@@H]1SC(C)(C)[C@@H]2C(=O)O,MKVKYALLSAGALQLLVVGCGSSHHETHYGYATLSYADYWAGELGQSRDVLLAGNAEADRAGDLDAGMFDAVSRATHGHGAFRQQFQYAVEVLGEKVLSKQETEDSRGRKKWEYETDPSVTKMVRASASFQDLGEDGEIKFEAVEGAVALADRASSFMVDSEEYKITNVKVHGMKFVPVAVPHELKGIAKEKFHFVEDSRVTENTNGLKTMLTEDSFSARKVSSMESPHDLVVDTVGTGYHSRFGSDAEASVMLKRADGSELSHREFIDYVMNFNTVRYDYYGDDASYTNLMASYGTKHSADSWWKTGRVPRISCGINYGFDRFKGSGPGYYRLTLIANGYRDVVADVRFLPKYEGNIDIGLKGKVLTIGGADAETLMDAAVDVFADGQPKLVSDQAVSLGQNVLSADFTPGTEYTVEVRFKEFGSVRAKVVAQ,seq_6e0273c73310973e,fad,1.2261517992137034,0.7677623859256977,1.7371797117124048,0.38944442844295457,1.9077788962266933,1.4660367424911291,1.0522746466132555,1.1423936976472455,2.1500822056280255,0.2597691724070682,1.7396371843330733,0.4169213066351827
fold5_WT_idx003840,test,N=c1ccn([C@H]2C[C@H](O)[C@@H](COP(=O)(O)OP(=O)(O)OP(=O)(O)O)O2)c(O)n1,MILSDKDIIDYVTSKRIIIKPFNKDFVGPCSYDVTLGDEFIIYDDEVYDLSKELNYKRIKIKNSILVCPLNYNLTEEKINYFKEKYNVDYVVEGGVLGTTNEYIELPNDISAQYQGRSSLGRVFLTSHQTAGWIDAGFKGKITLEIVAFDKPVILYKNQRIGQLIFSKLLSPADVGYSERKTSKYAYQKSVMPSLIHLDNHKKD,seq_3e1b7ba21bf5ca6f,nadph,0.7199221005149781,0.09166381326866735,1.11259339215173,0.48438536255697057,0.5156730961606373,0.6033376148185852,1.0638296339420115,0.41256546786882753,0.7027941679270198,1.1726471986495768,0.45627085533136913,0.675124215743053
fold5_WT_idx004023,test,C[C@@H](C(=O)O)C(=O)SCCN=C(O)CCN=C(O)[C@H](O)C(C)(C)COP(=O)(O)OP(=O)(O)OC[C@H]1O[C@@H](n2cnc3c(N)ncnc32)[C@H](O)[C@@H]1OP(=O)(O)O,MRRCEVNSKPISEYFGIPCENREMAKCLLTSSLSVRTKLLQTGVSLYNTSHGFHEEEVKKILEQFPGGSIDLLKKQNGIGILTLNNPNKMNAFSGVMMLQLLERVIELENWTEGKGLIIHGAKNTFCSGSDLNAVKALSTPESGVALSMFMQNTLTRFMRLPLISVALVQGWAMGGGAELTTACDFRLMTEESVIRFVHKEMGIVPSWGGTSRLVEIIGSRQALKVLSGTLKLDSKEALNIGLTDEVLQPSDETTALEQAQEWLEKFVSGPPQVIRGLKKSVCSARELYIEEALQNERDVLETLWGGPANLEAIAKKGKHTK,seq_e0d98139b646a5aa,hexanal,0.6995076955096275,0.0812605599208614,0.5970430545828355,0.7125802717645614,0.7144359204449799,0.7296066627246238,0.7028923832866292,0.6818063412472161,0.7778875183893258,0.680391020618272,0.8167629231127547,0.5816708589250762
fold5_WT_idx004104,test,O=C=O,MPFHAEPLKPSDEIDMDLGHSVAAQKFKEIREVLEGNRYWARKVTSEEPEFMAEQVKGQAPNFLWIGCADSRVPEVTIMARKPGDVFVQRNVANQFKPEDDSSQALLNYAIMNVGVTHVMVVGHTGCGGCIAAFDQPLPTEENPGGTPLVRYLEPIIRLKHSLPEGSDVNDLIKENVKMAVKNVVNSPTIQGAWEQARKGEFREVFVHGWLYDLSTGNIVDLNVTQGPHPFVDDRVPRA,seq_c24aab0f336ff5f4,nad+,6.769098849592666,0.12246631697148302,7.123043334480229,6.917948180559821,7.235059966151296,7.065849472227941,6.693967829188636,6.581549782640218,6.329640265129641,6.709965942630559,6.516904084840205,6.517059638078108
fold5_WT_idx004280,test,Nc1ncnc2c1ncn2[C@@H]1O[C@H](COP(=O)(O)OP(=O)(O)OP(=O)(O)O)[C@@H](O)[C@H]1O,MTLPNPGSVLASLTELTQVNRTHALLRRVKDLSVNEFVCLLDFITAEFQQFLRAIELINNEALENMLEKVLEAITLKIGQILQAEHTAIFLVDYDKCQLWSKVPQDNGQKFLEIRTPITVGIPGHVASTGQYLNISETATHPLFSPELERQMGYKINNILCMPVVSSKDQIVAVVQLANKTGNIPFNRNDEESFRDFAASIGIILETCQSFYVAARNQRGVTALLRATQTLGQSLDLEATLQIVMEQARILMQADRSTLFLYRKEMGELWTKVAAAADTTQLIEIRIPANRGIVGYVASTGDALNISDAYKDPRFDPTTDRKTGYLTRNILCLPVFNSANELIGVTQLINKQQGSFTASDEEFMRAFNIQAGVALENARLFENVLLEKQYQKDILQSLSDAVISTDMAGRIVTINDAALELLGCPLGDANHKSNKLLWEQNLIGRVVWEIVPIENLQMRLEDSLKSGAKHYVPEQSLIVGIYQLQMSESRVLHETQDYSILTVRDRINPDIFLPWNLPQTPQSQFITPEEVQILERSINLTVNPLTNPEGGVRGGLVVLEDISQEKRLKTTMYRYLTPHVAEQVMALGEDALMVGERKEVTVLFSDIRGYTTLTENLGAAEVVSLLNQYFETMVEAVFNYEGTLDKFIGDALMAVFGAPLPLTENHAWQAVQSALDMRQRLKEFNQRRIIQAQPQIKIGIGISSGEVVSGNIGSHKRMDYTVIGDGVNLSSRLETVTKEYGCDIILSEFTYQLCSDRIWVRQLDKIRVKGKHQAVNIYELISDRSTPLDDNTQEFLFHYHNGRTAYLVRDFTQAIACFNSAKHIRPTDQAVNIHLERAYNYQQTPPPPQWDGVWTIFTK,seq_441df2b0d217a41d,l-glutamate,1.19435714536909,0.4366937488230471,0.5819742076307054,0.8996250587908724,0.7097948095720934,1.37783663931521,2.400424255728532,0.4965122492221055,1.4106831625667946,0.9155058452831155,1.390349649099174,1.7608655764823
fold5_WT_idx006350,test,C[S+](CC[C@H](N)C(=O)[O-])C[C@H]1O[C@@H](n2cnc3c(N)ncnc32)[C@H](O)[C@@H]1O,MDKLFSMIEVEVNSQCNRTCWYCPNSVSKRKETGEMDPALYKTLMEQLSSLDFAGRISFHFYGEPLLCKNLDLFVGMTTEYIPRARPIIYTNGDFLTEKRLQTLTELGIQKFIVTQHAGAKHKFRGVYDQLAGADKEKVVYLDHSDLVLSNRGGILDNIPQASKANMSCMVPSNLAVVTVLGNVLPCFEDFNQKMVMGNIGEQHISDIWHNDKFTSFRKMLKEGHRGKSDLCKNCNNVSVQTEEQYDYVL,seq_daa861abb6b9073b,3-deoxy-d-manno-octulosonate,-1.5496604737155202,0.1443875094434004,-1.5392456473615197,-1.602482812581493,-1.5713429241748482,-1.6388297561142067,-1.3921469865309168,-1.5807081441156536,-1.4788522022042843,-1.721992853491745,-1.702162401582509,-1.2688410089980273
fold5_WT_idx006495,test,CC(=O)N1c2ccc(O)cc2Oc2cc(O)ccc21,MGVPFFSSLRCMVDLGPCWAGGLTAEMKLLLALAGLLAILATPQPSEGAAPAVLGEVDTSLVLSSMEEAKQLVDKAYKERRESIKQRLRSGSASPMELLSYFKQPVAATRTAVRAADYLHVALDLLERKLRSLWRRPFNVTDVLTPAQLNVLSKSSGCAYQDVGVTCPEQDKYRTITGMCNNRRSPTLGASNRAFVRWLPAEYEDGFSLPYGWTPGVKRNGFPVALARAVSNEIVRFPTDQLTPDQERSLMFMQWGQLLDHDLDFTPEPAARASFVTGVNCETSCVQQPPCFPLKIPPNDPRIKNQADCIPFFRSCPACPGSNITIRNQINALTSFVDASMVYGSEEPLARNLRNMSNQLGLLAVNQRFQDNGRALLPFDNLHDDPCLLTNRSARIPCFLAGDTRSSEMPELTSMHTLLLREHNRLATELKSLNPRWDGERLYQEARKIVGAMVQIITYRDYLPLVLGPTAMRKYLPTYRSYNDSVDPRIANVFTNAFRYGHTLIQPFMFRLDNRYQPMEPNPRVPLSRVFFASWRVVLEGGIDPILRGLMATPAKLNRQNQIAVDEIRERLFEQVMRIGLDLPALNMQRSRDHGLPGYNAWRRFCGLPQPETVGQLGTVLRNLKLARKLMEQYGTPNNIDIWMGGVSEPLKRKGRVGPLLACIIGTQFRKLRDGDRFWWENEGVFSMQQRQALAQISLPRIICDNTGITTVSKNNIFMSNSYPRDFVNCSTLPALNLASWREAS,seq_48da005dbddcb2bf,p-nitrophenyl propionate,0.25564869245284444,6.129532839240929,0.2917708197841796,0.8461258718822322,-0.18299417242195426,-0.17963744494163125,0.352921294014496,-0.13174097187039824,0.4135151979639269,-0.45109534979450505,0.7689987672658665,0.828622912646232
fold5_WT_idx006890,test,CC(O)C(O)C1CNc2[nH]c(=N)nc(O)c2N1,MEEKEILWNEAKAFIAACYQELGKEEEVKDRLADIKSEIDLTGSYVHTKEELEHGAKMAWRNSNRCIGRLFWNSLNVIDRRDVRTKEEVRDALFHHIETATNNGKIRPTITIFPPEEKGEKQVEIWNHQLIRYAGYESDGERIGDPASCSLTAACEELGWRGERTDFDLLPLIFRMKGDEQPVWYELPRSLVIEVPITHPDIEAFSDLELKWYGVPIISDMKLEVGGIHYNAAPFNGWYMGTEIGARNLADEKRYDKLKKVASVIGIAADYNTDLWKDQALVELNKAVLHSYKKQGVSIVDHHTAASQFKRFEEQEEEAGRKLTGDWTWLIPPISPAATHIFHRSYDNSIVKPNYFYQDKPYE,seq_5f261369c533f3f8,isomaltose,0.5630336204468056,0.3059014701812351,0.6034567910764606,0.6933865040320744,0.13531270761110792,1.5267474605568752,0.5893826543676663,0.7729780060735774,0.7162464646539222,0.3550634828984942,-0.3139697998190697,0.5517319330169472
fold5_WT_idx007788,test,N=c1nc(O)c2c([nH]1)NCC(CN(C=O)c1ccc(C(=O)N[C@@H](CCC(=O)O)C(=O)O)cc1)N2,MKIAVIGQSLFGQEVYKELKNEGHMIVGVFTIPDKDGKVDPLAIEAEKDGVPVFKFPRWRLKGKAITEVVDQYKAVGAELNVLPFCSQFIPMEVIDHPKHGSIIYHPSLLPRHRGASAINWTLIHGDKKGGFTVFWADDGLDTGPILLQRECDVEPNDNVNSIYKRFLFPEGVKGMVEAVRLIATGKAPRIKQPEEGATYECIQKKENSKIDWNQPAEAIHNWIRGNDRVPGAWAEIDGKSVSFYGSTLLENDHFSSNGQPLEIPGASRAALVTKNGLVLFGNDGKMLLVKNLQFEDGKMIPGSQYFKAGVTSTVELSEDENRFAEQMRVVWKSILTNVEKIEDTTDFFKSGAASMDVVRLVEEVKLRAAQLQLQNEDVYMATSFQEFIQMCVRKLRGEDEEEEFNVDYVEKKLNNMTIHIPHQLFINGEFVDAEGGKTYKSINPTDGQAICDVSLAQISDVEKAVAAAKEAFEEGEWGKMNPRDRGKLLYKLADLMEQHQEELATIESIDSGAVYTLALKTHIGMSIQTFRYFAGWCDKIQGCTIPINQARPNRNLTFTKKEPIGVCGIVIPWNYPLMMLAWKTAACLAAGNTVVLKPAQVTPLTALKFAELTALAKFPKGVVNILPGSGSLVGQRLSDHPDVRKLGFTGSTEIGKHIMKSCAVSNVKKVSLELGGKSPLIIFNDCDLDKAVRMGMSSVFFNKGENCIAAGRLFIEESIHDIFLERVVSEIRKMKIGDPLDRSTDHGPQNHKAHLDKLVEYCEKGVKEGAKLVCGGKQVERPGFFFEPTVFTDVQDHMYIAVEESFGPVMIISKFSNGEVDKVLQRANATEFGLASGVFTRDISKALYVSEKLQAGTVFINTYNKTDVAAPFGGFKQSGFGKDLGQEALNEYLKTKCVTVEY,seq_b4ea21e1ab792d6d,zn2+,0.9320304213360828,0.4869913394092389,0.7274002484548354,1.2523624147472157,0.926162479095707,0.7911236915957915,0.3905005792315043,1.649774108634106,1.0379463496887429,1.7230995577587938,0.4337754104492365,0.38815937370489495
fold5_WT_idx007994,test,[O-][Cl+2]([O-])[O-],MSTDSDAETVDLADGVDHQVAMVMDLNKCIGCQTCTVACKSLWTEGGGRDYMYWNNVETKPGKGYPRNWEESGGGWKSSEHKERKPGQIPDKEDYGDAWEFNHEEIMYNGSDRPLRPDSDPEWGPNWDEDQGTGEYPNSYYFYLPRICNHCTHPSCVEACPRKAIYKREEDGIVLIDQERCRGYRYCVEGCPYKKVYYNATQKTSEKCIFCYPRIEGEGPDGKTFAPACAEDCPPQLRLVGFLDDEQGPIHKLVEEYEVALPLHPEYQTQPNVYYIPPFAPPQHSEDGESVDVDRIPRNYLEELFGERVHDALDTIEREREKVNRGGGSELLDMLTDTNPARKFRLEVFDDD,seq_0b3d9ca3d7f3f229,gtp,0.9508504550714159,0.37770113151534324,1.1304293760507502,0.7279719613063544,0.019643558607081335,1.098929186462227,0.8898593004515586,0.4082824825211193,0.7684928587052857,1.4792761232371872,1.1966212198251718,1.7889984835474233
fold5_WT_idx008112,test,CC1=CC(=O)c2ccccc2C1=O,MAALLGIVSPVTFTGKHPVNSRSRRRTVVKCSNERRILFNRIAPVYDNLNDLLSLGQHRIWKNMAVSWSGAKKGDYVLDLCCGSGDLAFLLSEKVGSTGKVMGLDFSSEQLAVAATRQSLKARSCYKCIEWIEGDAIDLPFDDCEFDAVTMGYGLRNVVDRLRAMKEMYRVLKPGSRVSILDFNKSNQSVTTFMQGWMIDNVVVPVATVYDLAKEYEYLKYSINGYLTGEELETLALEAGFSSACHYEISGGFMGNLVAMR,seq_9c35fdf52df7f3cf,l-tyrosine,0.36800319987975694,0.14314922445397538,0.36613561119536764,0.14828270476070804,1.2714603043970054,0.06027726691399937,0.684715480198848,0.2620605491790806,0.32393528087641077,-0.09585730645926505,0.358178774646714,0.3008433330887007
fold5_WT_idx008283,test,CCCCCCCCCCCCCCCC(=O)SCCN=C(O)CCN=C(O)[C@H](O)C(C)(C)COP(=O)(O)OP(=O)(O)OC[C@H]1O[C@@H](n2cnc3c(N)ncnc32)[C@H](O)[C@@H]1OP(=O)(O)O,MQLVDRVRGAVTGMSRRLVVGAVGAALVSGLVGAVGGTATAGAFSRPGLPVEYLQVPSPSMGRDIKVQFQSGGANSPALYLLDGLRAQDDFSGWDINTPAFEWYDQSGLSVVMPVGGQSSFYSDWYQPACGKAGCQTYKWETFLTSELPGWLQANRHVKPTGSAVVGLSMAASSALTLAIYHPQQFVYAGAMSGLLDPSQAMGPTLIGLAMGDAGGYKASDMWGPKEDPAWQRNDPLLNVGKLIANNTRVWVYCGNGKPSDLGGNNLPAKFLEGFVRTSNIKFQDAYNAGGGHNGVFDFPDSGTHSWEYWGAQLNAMKPDLQRALGATPNTGPAPQGA,seq_9cb137f4583af595,"2,4-dimethylbenzaldehyde",-0.09381825862164574,0.1812482533373601,-0.18217552875112342,-0.04788524485810497,-0.06360517261817755,0.6227436271864206,-0.19774736266769388,-0.2874036142245774,-0.019546508236817917,-0.485721361309677,-0.1005360375445793,-0.17630538319212652
fold5_WT_idx008875,test,O=c1nc([O-])ccn1[C@@H]1O[C@H](COP(=O)([O-])OP(=O)(O)O[C@H]2O[C@H](CO)[C@H](O)[C@H](O)[C@H]2O)[C@@H](O)[C@H]1O.[Na+].[Na+],MFKISIILPTYNVEQYIARAIESCINQTFKDIEIIVVDDCGNDNSINIAKEYSKKDKRIKIIHNEKNLGLLRARYEGVKVANSPYIMFLDPDDYLELNACEECIKILDEQDEVDLVFFNAIVESNVISYKKFDFNSGFYSKKEFVKKIIAKKNLYWTMWGKLIRKKLYLEAFASLRLEKDVKINMAEDVLLYYPMLSQAQKIAYMNCNLYHYVPNNNSICNTKNEVLVKNNIQELQLVLNYLRQNYILNKYCSVLYVLIKYLLYIQIYKIKRTKLMVTLLAKINILTLKILFKYKKFLKQC,seq_9a7fe2667b7d9b14,l-alanine,0.050179318431414224,1.4960158619999142,0.39081347596196636,0.820798691697699,1.751490261494406,1.0451652283493336,-1.9325966209891954,0.9102922818354319,-1.319522123728344,0.3840171719941763,-0.8225605597090665,-0.7261046225922648
fold5_WT_idx009431,test,C[S+](CC[C@H](N)C(=O)[O-])C[C@H]1O[C@@H](n2cnc3c(N)ncnc32)[C@H](O)[C@@H]1O,MIPVTATLIRHRLRHLRHRIRFKSTSVSPFHLPLNHPTYLIWSANTSLGKTLVSTGIAASFLLQQPSSSATKLLYLKPIQTGFPSDSDSRFVFSKLDSLSLRRQIPISISNSVLHSSLPAAKSLGLNVEVSESGMCSLNFRDEKTVTGAPELLCKTLYAWEAAISPHLAAERENATVEDSVVLQMIEKCLKEEMECGVKSEKSDLLCLVETAGGVASPGPSGTLQCDLYRPFRLPGILVGDGRLGGISGTIAAYESLKLRGYDIAAVVFEDHGLVNEVPLTSYLRNKVPVLVLPPVPKDPSDDLIEWFVESDGVFKALKETMVLANLERLERLNGMAKLAGEVFWWPFTQHKLVHQETVTVIDSRCGENFSIYKASDNSSLSQQFDACASWWTQGPDPTFQAELAREMGYTAARFGHVMFPENVYEPALKCAELLLDGVGKGWASRVYFSDNGSTAIEIALKMAFRKFCVDHNFCEATEEEKHIVVKVIALRGSYHGDTLGAMEAQAPSPYTGFLQQPWYTGRGLFLDPPTVFLSNGSWNISLPESFSEIAPEYGTFTSRDEIFDKSRDASTLARIYSAYLSKHLQEHSGVRQSAHVGALIIEPVIHGAGGMHMVDPLFQRVLVNECRNRKIPVIFDEVFTGFWRLGVETTTELLGCKPDIACFAKLLTGGMVPLAVTLATDAVFDSFSGDSKLKALLHGHSYSAHAMGCATAAKAIQWFKDPETNHNITSQGKTLRELWDEELVQQISSHSAVQRVVVIGTLFALELKADASNSGYASLYAKSLLIMLREDGIFTRPLGNVIYLMCGPCTSPEICRRLLTKLYKRLGEFNRT,seq_bbcbf42d1b5be8f3,atp,-0.12253957141972434,1.1669167926426385,-0.11691686764855558,-0.17967066411136245,1.0505904334646514,-0.8445202211560437,1.7295958448837871,-1.8129137210460304,-0.6065472393922159,0.6550142851902698,0.13367989590608687,-1.2337074602878304
fold5_WT_idx009584,test,O=C(CO)[C@@H](O)[C@H](O)CO,MAEHAPRRCCLGWDFSTQQVKVVAVDAELNVFYEESVHFDRDLPEFGTQGGVHVHKDGLTVTSPVLMWVQALDIILEKMKASGFDFSQVLALSGAGQQHGSIYWKAGAQQALTSLSPDLRLHQQLQDCFSISDCPVWMDSSTTAQCRQLEAAVGGAQALSCLTGSRAYERFTGNQIAKIYQQNPEAYSHTERISLVSSFAASLFLGSYSPIDYSDGSGMNLLQIQDKVWSQACLGACAPHLEEKLSPPVPSCSVVGAISSYYVQRYGFPPGCKVVAFTGDNPASLAGMRLEEGDIAVSLGTSDTLFLWLQEPMPALEGHIFCNPVDSQHYMALLCFKNGSLMREKIRNESVSRSWSDFSKALQSTEMGNGGNLGFYFDVMEITPEIIGRHRFNTENHKVAAFPGDVEVRALIEGQFMAKRIHAEGLGYRVMSKTKILATGGASHNREILQVLADVFDAPVYVIDTANSACVGSAYRAFHGLAGGTDVPFSEVVKLAPNPRLAATPSPGASQVYEALLPQYAKLEQRILSQTRGPPE,seq_fec7bc0ccc72d2eb,cyclohexanone,1.1463744277122205,0.18098890659568578,0.820767101162412,1.2788804126538795,1.7137524392817345,1.2888469592419745,0.6428215320725766,0.9171299419290119,1.3539521806017194,1.0080989350095055,1.3297888648608822,1.109705910308508
fold5_WT_idx009673,test,N=C(O)c1ccc[n+]([C@@H]2O[C@H](COP(=O)([O-])O)[C@@H](O)[C@H]2O)c1,MTLAARLKQEFVSGWKPFEVVWLALFIIAQIWAYVQTPDSWLAMISGISGILCVVLVSKGKISNYFFGLIFAYTYFYVAWGSNFLGEMNTVLYVYLPSQFIGYFMWKANMQNSDGGESVIAKALTVKGWMTLIVVTTVGTLLFVQALQAAGGSSTGLDGLTTIITVAAQILMILRYREQWLLWIGLNILSIFLWAETPAIYLMYSAYLLNSLYGYYNWTKLVKRTN,seq_f50074b7206e1239,l-arabitol,0.010153478349867285,0.15229882824428295,0.1946364258819846,-0.30305183233981114,0.24867163243993629,0.08380101417891905,-0.13942912103273797,0.19878190972623944,0.16592989138744618,0.06361808101960087,-0.14319084389972392,-0.26823237386318055
fold5_WT_idx009914,test,N=C(O)CC[C@@H](N)C(=O)O,MAELKFKTKAQNLKNLQTKLKKAKVLPLVLTSLEELISNEDKVLQDIQTLKANRLIIRSSSLSEDSMKNSNAGAFLSLANIKADSKDELLKALYEVANSMPSKSDEILVQPMLENITLCGVGFSVDKDNFSPYFCLQYDENGSNSSITDGSSKSAKTYYHYRNYLEFKDIRLQKIIELIKELEVLYDCHFLDVEFAFAIQDDKEELFCLQVRPLVMHEKNNLFHSLPKEALYRFYKRFESLKESRSRVLGDKAIFGVMPDWNPAEIIGLRPKRLAFSLYKEIITDNIWAYQRDNYGYRDLRSHPLIHSFLGIPYVDVRLSFNSFIPKKLDENIAQKLVNFYLDKLNKNHELHDKIEFNIVYSCYDFNSSKKLEELLNHGFNENEIKRLEFSLLELTNKIINPRSGFYLKDIQKAYKLKERYDGIINSNFSLIDKIYWLIEECKRYGTLPFAGVARAAFVAMQLLNSLVEIDFITKEEKDDFLNSLNTVSKNLSKQTNHLNFHNKDQFLKDFGHLRAGTYNILSPRYDEDFELYFDADQKDSKVYLQDKAFVFSKEKTRALNALLKEHGLEINACEFFDFLKQAIEGRELVKFEFTRLLSKAIVYIEELGKYYDIEKEDLAHLDIKSILNLYSSLYSINPKEQFIEEINRNKKEYELTQAIKLPSLLCNADEIFSFYNHSIIPNFITQKSITAFTAKENDKDLEGKIVLIYAADPGYDYLFTKNIAGLITCYGGANSHMAIRASELGMPAVIGVGEENFEKYLKAKKINIECESEQIFCL,seq_4e8a4fc43444bd27,d-mannuronate,0.6313870904221849,0.06443971632702278,0.6257881790110735,0.48591995890238227,0.2742388559362846,0.8300752194390797,1.0520654478972875,0.7223705279983195,0.4773666194481512,0.5025491371106064,0.6996538374782615,0.643843121000403
fold5_WT_idx010640,test,CCCC(=O)Oc1ccc([N+](=O)[O-])cc1,MPSGENQFYVDKPSRGENYGAYVADELVEFTRKMFPLSYKKEDTFIAGLSMGGYGALINGLKYHETFSHIGAFSPGLMIDDIASRSELLSVTGWSMDFYGNSFGGIDTIKNSDKDYYYLIDQLLENKKEIPKIYLPIGTDDFLLESVRGFKSFVDKREVPLTYIEDDGGHEWDFWDKYVKNFLEWLPLEEKGNYLNSGNVAEHGFRDADAQKAQAALVAWFEETLKK,seq_0cb6cd020c95fc06,nad+,2.600313249650198,0.03170492762243793,2.62728771276489,2.6619604698183066,2.6706863699296743,2.684536774535743,2.5841736066318455,2.5867721612652796,2.729416270676958,2.55551869114656,2.3760308425350805,2.5267495971976475
fold5_WT_idx010724,test,O=[N+]([O-])c1ccc(OP(=O)(O)O)cc1,MGFLRNRIVGITLAGAVALGSAGTGSAAMETAKKKEEPKVKNVIMMVMDGTSSSAPTLARWYKGEPLAMDQIVSGGVRTYSAESAITDSAPAATAMATGRKSNSSYIGVLPSKVNTPGVEKVREKDHYRPVANVLEGAKQKGKATGIIATSEIQHATPAGYSGHHKDRNNFEVLGEQQVYQNMDVVLGGGKESLQPGTKDKSREDGEDLVKVLKDKKYDFVETKDQLLKSKSKKIWGAFSQRDLAYDMDRRATHPEQPTIAEMTKKSIQTLSKDKDGFFLFVEGSKPDWAAHQNDPIGMISDVLAFDNAVKEALDFAKKDKHTMVIAVSDHGNSGISIGNSNTTKGYDTTPVSAYVDPLKKAKMTVEGATGKLKDDLSNIEEAAKLYGLDDLTPAEKEQLKSVKNKKEAASLFTKLLSNRANIGFTTGGHTGEDVFLYSYGPEKPQGLVENTDIAKTMAKAMGFNLDKLTNELFIEAKQAFKKAGASVTIDQKDPANPVLVAARKKAKAEMPVNKNIIRINGKEYELDSVIVESNGSFYVPKEAVQLFKKYAR,seq_4fed8ad0a08da007,"5beta-androstane-3beta,17beta-diol",1.2176665310846924,0.0919850320023381,1.2714307900598265,1.0987170412854708,1.3486941529472456,1.1915918226090798,1.453543798478103,1.1439104163107436,1.219954205510617,1.4213456706524767,1.1330832047966937,0.894394208196665
fold5_WT_idx010725,test,O=[N+]([O-])c1ccc(OP(=O)(O)O)cc1,MPHQNRQGRWCRKGWAVVALTGSMSWMPLANAAEIKNVILMIGDGMGPQQVGMLETYANRAPDSIYQGRSTALYQLAKEGVVGASLTHPEDAVVVDSACSATQLSTGIFTGGEVIGIDSEGNRVETVLELAKRVGKATGLVSDTRLTHATPAAFAAHQPHRSLENAIAEDMLMTGPDVMLSGGLRHFVPYSVSEPGESAGSVETLMQGAWSPTSKRKDERNLLQEAADQGYGLAFTRDQMAALNGTKVLGLFANSGMADGISFRDSHDDPQRQQPTLHEMTQKALSMLEQDDDGFFLMVEGGQIDWAAHSNDAGTMLNELIKFDEAVQGVFDWARDRDDTIILVTADHETGAFGFSYSSANLPAAQKKSGPAFADQDYAPNFNFGDFSILDSLYEQKQTYYELLSDFEALPQGERTPARLMAAVNGNSDFQITEAQAAEVLANKPNPYHVDGHSYLGVSEVPAVHDFDAFFPYNDRGNLLARALATQQNTVWGTGTHTHTPVNVFAWGPANDILPVSSILHHSEIGQYLKTVVAK,seq_0e7d6f85d878716b,5beta-dihydrotestosterone,4.266458601241921,0.6801320803921982,3.6821551871018223,4.519027230841745,4.723944552799639,2.9666779245907335,4.386362597635123,4.564095499390594,4.522627234038123,4.76279467017605,3.9712592342662183,4.565641881579158
fold5_WT_idx010811,test,Cc1cc(=O)oc2c(F)c(OP(=O)(O)O)c(F)cc12,MPPSPLDDRVVVALSRPVRPQDLNLCLDSSYLGSANPGSNSHPPVIATTVVSLKAANLTYMPSSSGSARSLNCGCSSASCCTVATYDKDNQAQTQAIAAGTTTTAIGTSTTCPANQMVNNNENTGSLSPSSGVGSPVSGTPKQLASIKIIYPNDLAKKMTKCSKSHLPSQGPVIIDCRPFMEYNKSHIQGAVHINCADKISRRRLQQGKITVLDLISCREGKDSFKRIFSKEIIVYDENTNEPSRVMPSQPLHIVLESLKREGKEPLVLKGGLSSFKQNHENLCDNSLQLQECREVGGGASAASSLLPQPIPTTPDIENAELTPILPFLFLGNEQDAQDLDTMQRLNIGYVINVTTHLPLYHYEKGLFNYKRLPATDSNKQNLRQYFEEAFEFIEEAHQCGKGLLIHCQAGVSRSATIVIAYLMKHTRMTMTDAYKFVKGKRPIISPNLNFMGQLLEFEEDLNNGVTPRILTPKLMGVETVV,seq_07e6efb399c7bb5c,nadh,-0.9434606736846813,0.06170535066633098,-1.0150210908521307,-0.8729074935702313,-1.0649019617511386,-1.1662614063711962,-0.8018733714882599,-0.8302510958776145,-0.8588066522294825,-0.9878621320492612,-0.8053695399145803,-1.031351992742918
fold5_WT_idx010869,test,N[C@H]1[C@H](O)[C@@H](COP(=O)(O)O)OC(O)[C@@H]1O,MLLSKKSEYKTLSTVEHPQYIVFCDFDETYFPHTIDEQKQQDIYELEDYLEQKSKDGELIIGWVTGSSIESILDKMGRGKFRYFPHFIASDLGTEITYFSEHNFGQQDNKWNSRINEGFSKEKVEKLVKQLHENHNILLNPQTQLGKSRYKHNFYYQEQDEINDKKNLLAIEKICEEYGVSVNINRCNPLAGDPEDSYDVDFIPIGTGKNEIVTFMLEKYNLNTERAIAFGDSGNDVRMLQTVGNGYLLKNATQEAKNLHNLITDSEYSKGITNTLKKLIGS,seq_8e05e6865f2072e5,nadph,1.43585889466681,0.039643028669458236,1.3992008173071777,1.4370232787816493,1.240030593653245,1.4832994719304544,1.5025386425101936,1.4879398617285489,1.5184657922467184,1.424611492979703,1.3777856916514528,1.4876933038789573
fold5_WT_idx010919,test,O=[N+]([O-])c1ccc(OS(=O)(=O)O)cc1,MQKISIIFNLFLSLGCLAFTFNGSASETKNEWITLGTMAGPIPNAKHSQPANAMLVNGNTYVVDAGDGTAGQLAKVGLDIKNVDAVFLSHLHFDHTGGLPAILSLRWQTSARNELVVYGPPGTQQTVDGIFEYMTYGTLGHYGVPGQVPAPANTNIKVVEVEDGTQLKLPDFTVDVIRNSHYSWPKGSEEWKKFQALSFKFSLQDYTVVYTGDTGPSSAVEKLSSGVDLLVSEMMDIDHTVNMIKETNPQMPKGKFIGIHKHLSKHHLSPKQVGELAKAANVGSLVITHMAPGLDTQAEIDFYTKQVASEYKGPISVAQDLNRYELKR,seq_1c8c30c2b057a0b9,3-phosphohydroxypyruvate,2.321816341973313,0.15618475509838525,2.402911118363139,2.224640046166304,2.4877486011371586,2.601064360937055,2.5465095329651493,2.217019031553571,2.478271191904567,2.4071771957502053,2.3462786004041534,1.5065437405518272
fold5_WT_idx010927,test,CCOP(=S)(OCC)Oc1nc(Cl)c(Cl)cc1Cl,MQPKIYWIDNLRGIACLMVVMIHTTTWYVTNAHSVSPVTWDIANVLNSASRVSVPLFFMISGYLFFGERSAQPRHFLRIGLCLIFYSAIALLYIALFTSINMELALKNLLQKPVFYHLWFFFAIAVIYLVSPLIQVKNVGGKMLLVLMAVIGIIANPNTVPQKIDGFEWLPINLYINGDTFYYILYGMLGRAIGMMDTQHKALSWVSAALFATGVFIISRGTLYELQWRGNFADTWYLYCGPMVFICAIALLTLVKNTLDTRTIRGLGLISRHSLGIYGFHALIIHALRTRGIELKNWPILDIIWIFCATLAASLLLSMLVQRIDRNRLVS,seq_9ea60071b4ea84cb,nad+,3.66992930930006,1.6560468498799423,4.3190275395071716,3.1777954951745047,3.032466401612936,4.126923865792238,4.407858384208967,3.413029984065941,4.325443016526156,3.95182263838134,3.422900254736971,2.522025512994377
fold5_WT_idx011003,test,NC1C(O)O[C@H](CO)C(O[C@@H]2O[C@H](CO)C(O[C@@H]3O[C@H](CO)[C@@H](O)[C@H](O)[C@H]3N)[C@H](O)C2N)C1O,MRYLATAAVLAGAGLASAYSVPANLQQIYNKHKTGTCQNKLQDGFSDGISGPGTSAYCGDIQGAIFLHSSANGGQYDNMDIDCDGANNSGGDCANDPSGQSMTAFMDTVKQYGISDLDANIHPYVVFGNSGSSPTFDPQQYGMQPLSVMAVVCNNQLFYGVWGDTNGDIATGEASISLAKLCFPNDGITGDNGHDQDDVLYIGFTGQDTVPGASAAWTASDTSTFEESIKGLGDRLVAKLSA,seq_ab5fc15dcf41f1e0,d-mannitol,1.0130325554663409,0.8410505489143434,0.9154184491534682,1.5007933431376097,1.4150348240722854,2.0483917628137602,0.4252301271409582,1.5007875745392731,0.18158019813311221,-0.4123620962637059,1.2003890593955664,1.3550623125410823
fold5_WT_idx011243,test,OC[C@H]1O[C@@](CO)(OC[C@@]2(O[C@H]3O[C@H](CO)[C@@H](O)[C@H](O)[C@H]3O)O[C@H](CO)[C@@H](O)[C@@H]2O)[C@@H](O)[C@@H]1O,MISPLLKTLPLLAAVYAAELDLPNLSALNKRQDNSSASTECSLDQTVAPGNLTLCGNATLFTTFRPKARFIAPEGWMNDPMGLYQRADGSIHAGYQSHPKHIQWGNISQGAAYSSDFTSWTDFNGSEGYKTIWPSQIYDIRGVFDGSIIKEGIDGYPTILYTSTSFGPLGATLNEAEGTETQSLAYTTDDGASWIKLGYGAGQNPVIYEWPETNLTGFRDPYVFQSPRLEALLANTTSITNATGDHFATISGGVHGDGARLFLYRQHTTGEFIKWTYLGPLVTTGYKESYGEWSGNYGINFETAGVTRLNPAGAAWDNGSDTTAVDFVTFGTEQGRADHQNHWPLWAAVDYEVRDNGSIEAVIAYSGVQDWGRSYAYASFPVEGYRQVSVGWIYEDDDNVILAKQFGYQGAFTLFRDLFVKVVENVSPSTPGLFEQASWSTKNSTDGMSVTVTTLGQRVVPETLAAYKGNSTVSTLAPVMLNESAAAYTPFSSQPTDRFYALTGSFEFGLNTTAKAGFRVLASEEEYTDIWFDPASENLTVVRTASSLIKSFGNDTELAKVKLYEIVGAESKTLNLTVFVDGSVIEIYANDEVALSTRAYPWLANSTGAGLLADGTTAGDVVGVSGLELWDGLVDAWPARPANTSQGLVWDGPTAAMYGLFAGY,seq_3166ea6f1ccda147,pyruvate,0.410367582173304,0.09941602675613917,0.37766161877687676,0.2881365033735579,0.7279596035762973,0.3879869622356463,0.32237492475566865,0.3871614061926709,0.39919858120781326,0.4014450026962374,0.3839042864922455,0.427846932426026
fold5_WT_idx011307,test,OC[C@H]1O[C@@H](OC2[C@@H](CO)O[C@H](O)[C@H](O)[C@H]2O)[C@H](O)[C@@H](O)C1O[C@@H]1O[C@H](CO)[C@@H](O)[C@H](O)[C@H]1O,ASSFEWFGSNESGAEFGSGNIPGVEGTDYTFPNTTAIQILIDAGMNIFRVPFLMERMIPTEMTGSLDTAYFEGYSEVINYITGKGAHAVVDPHNFGRYYGTPISSTSDFQTFWSTLASQFKSNDLVIFDTNNEYHDMDESVVVALNQAAIDGIRDAGATTQYIFVEGNAYSGAWTWTTYNTAMVNLTDPSDLIVYEMHQYLDSDGSGTSDQCVSSTVGQERVVDATTWLQSNGKLGILGEFAGGANSVCEEAVEGMLDYLAENSDVWLGASWWSAGPWWQDYIYSMEPPNGIAYESYLSILETYF,seq_38589386c1334016,h2o2,1.0782703793722663,0.3916831735103403,-0.16291457673973386,1.2500113130907013,1.6199759166336705,0.7813433812212344,0.8936950702402957,1.5587078326183028,1.5461647117456079,1.607157643566181,1.1071531687890184,0.581409332557387
fold5_WT_idx011331,test,CC(O)=N[C@H]1C(O)O[C@H](CO)[C@@H](O[C@@H]2O[C@H](CO)[C@H](O)[C@H](O)[C@H]2O)[C@@H]1O[C@@H]1O[C@@H](C)[C@@H](O)[C@@H](O)[C@@H]1O,MKVRAIKSFLATTMAMTFLVSMGQGSILTKANTINNMKYVTEAFGAIPTEEQVSYQKEELTAFIHFGVNTFTGREWGDGTENPEIFNPTNLDADQWVKTLADAGFGRVILTAKHHDGFCLWDSAYTKHDVASSPWKNGKGDVVKEVSEACAKYNIKFGVYLSPWDQNSEHYGEGNGGDYNEFYMNQLRELLTNYGPIAEVWMDGAKGSNVKQEYNFEEWFALIKELQPECLIFSPQGPDIRWIGNEKGYAGEPCWSTIDIEKMKERENPTYLNNGEEGGSDWVVGESDVSIRPGWFYHESQDNEVKSLEKMMDIYFKSIGRNSVLLLNVPPNKEGKLHENDVNRLKEFGETIKELFNDDLALNKEVIVDSFANRDETYGANKIVDGDYDTYWAPDNSSKTGTIEIDLGGSKEFDVISLQEYIPLGQRVSSFNIEVLQGENWNKVYEGKTIGYKRLIRISPTKGEKIRINITGSLEVPLINNVGVYKQPISIELPSGPPAGLKVLNDDNKGNELEQFNFSDGWVYETIHGENDLGGDAHYTSKTNATVNIKFNGTKFFLSGTKDSGHGIMEISIDGENPVEVDLYSPNRKCKEIVFESEDLSDGEHEVTVKCTGRKNSSSRGTAAHIDGAYVLDNGGKGMVEFEKVGYEVSENIGTATFKVIRKGGSNGKLEVNYDTLAGTALNGVDYQTWSGTLAFNEGETEKTFDITIIDDKEKEEPKEFYLKLSDPIGGILGFNSRATVTINDDEQIKIETKDTGDGLHQFNFSGGWNKETDGAWTNNMNSTFSIKFRGKQISLIGAKDPNHGIYEISIDGGEFVEVDAYAESRVTNQVIYESEVLTSGEHILNFRLKGENPHGGRADGQLNYALVDTSEDNLVEPEMPTTDLNKDGKVDIGDLSLASKHYGENIKEYDINGDGVIDEFELNSITNDILK,seq_2a512ed3de5acdb8,reactive blue 5,1.398620799663226,0.01204322554186521,1.3495650869728253,1.339129344476925,1.4516515490358248,1.4126181294743407,1.413992945591689,1.3216930846591912,1.4173731950290223,1.46774922052835,1.3690709806316863,1.4433644602324034
fold5_WT_idx011549,test,C[C@H](N)C(O)=N[C@@H](C)C(O)=N[C@@H](C)C(O)=N[C@@H](C)C(=O)O,MKKVSTLDLLFVAIMGVSPAAFAADLIDVSKLPSKAAQGAPGPVTLQAAVGAGGADELKAIRSTTLPNGKQVTRYEQFHNGVRVVGEAITEVKGPGKSVAAQRSGHFVANIAADLPGSTTAAVSAEQVLAQAKSLKAQGRKTENDKVELVIRLGENNIAQLVYNVSYLIPGEGLSRPHFVIDAKTGEVLDQWEGLAHAEAGGPGGNQKIGKYTYGSDYGPLIVNDRCEMDDGNVITVDMNSSTDDSKTTPFRFACPTNTYKQVNGAYSPLNDAHFFGGVVFKLYRDWFGTSPLTHKLYMKVHYGRSVENAYWDGTAMLFGDGATMFYPLVSLDVAAHEVSHGFTEQNSGLIYRGQSGGMNEAFSDMAGEAAEFYMRGKNDFLIGYDIKKGSGALRYMDQPSRDGRSIDNASQYYNGIDVHHSSGVYNRAFYLLANSPGWDTRKAFEVFVDANRYYWTATSNYNSGACGVIRSAQNRNYSAADVTRAFSTVGVTCPSAL,seq_90220e5ce76fc346,isoeugenol,2.4990316811076845,0.04690788228143461,2.456431378060961,2.3486270166786833,2.488415570455175,2.5392519400476186,2.6081583444707297,2.493298688947069,2.4923704419078434,2.388792076100052,2.507374367264039,2.667596987144673
fold5_WT_idx011610,test,CC(=O)C=O,MTTVMNDKHPTPDPAEDNAFFPSAYSLSQFTASKSDLSGAHYPTPYQGGRWKILVVGADERYLMMDNGTFFSTGNHPVETLLPMYHLDKAGFSFDIATLSGNPVKFEWWAMPREDQEVNGLYSKYQSSFRQPLKLSDVIETALGEDSDYIGVFIPGGHGALMGLPDSQEVKAVLQWAMKQNKFIISLCHGPAAFLAVGDDPLFAGYKIVAFPDEMDAQTPSIGYMPGHLTWKFGEQLQAIGFELLNTGISGQVFQDRKMLTGDSPLAGNALGQLAAKALLAEVEQK,seq_ce66fcb3e6ea3337,scopoletin,-0.17729051557305175,0.06213539992195897,-0.13527264701406605,-0.27728211115013124,-0.3682608636049661,-0.2830450403469419,-0.14889738007486508,-0.19452679399983197,-0.16258795472357457,0.32946289104452664,-0.4413384619183661,-0.09115679394230092
fold5_WT_idx011664,test,CC(O)=N[C@@H](CCCN)C(=O)O,MASSSKALIESIGSLDKDSYVSLLSKLIGESKFVQNNPPELIPQEDLIVKHVLDSLRPYSTETGGGPLVINHVAYHSGRGNLIVEYPGSVPGKILSFVGMHMDVVTANPDDWEFDPFSLSIDGDKLRGRGTTDCLGHVALVTELMKKLGQAKPALKSTVVAVFIASEENSSIPGVGVDMLVKDKLLDKLKSGPLYWIDTADKQPCVGTGGMIPWKLQFTGKLFHSGLAHKAINAMELAMEGLKEIQARFYRDFPPHPQEEVYGFATPSTMKPTQWCYPAGGINQIPGECTVSGDVRLTPFYDVKEVITKLQEYVDDINGNIERLETRGPVSKYVLPDENLRGRLTLSFDEASAGVACNLDSPGFHVLCKATEEVVGHVKPYSITGTLPLIRDLQDEGFDVQTSGYGLMATYHAKNEYCLLTDMCQGFDVFIRIISQLEQV,seq_91d1f1fff10f4a4e,l-ornithine,3.2309728017553594,0.12687106112405466,3.0741317938947694,3.401465933572988,2.795187044069783,3.0996516751013212,3.2787714274637736,3.3932150476970584,3.299590099943217,3.459555519904914,3.389128890902937,3.119030585002834
fold5_WT_idx012211,test,N=c1nc(O)c2ncn([C@@H]3O[C@H](COP(=O)(O)OP(=O)(O)OP(=O)(O)O)[C@@H](O)[C@H]3O)c2[nH]1,MNAIADVQSSRDLRNLPINQVGIKDLRFPITLKTAEGTQSTVARLTMTVYLPAEQKGTHMSRFVALMEQHTEVLDFAQLHRLTAEMVALLDSRAGKISVSFPFFRKKTAPVSGIRSLLDYDVSLTGEMKDGAYGHSMKVMIPVTSLCPCSKEISQYGAHNQRSHVTVSLTSDAEVGIEEVIDYVETQASCQLYGLLKRPDEKYVTEKAYENPKFVEDMVRDVATSLIADKRIKSFVVESENFESIHNHSAYAYIAYP,seq_f4b1121c7f301d29,acetyl-coa,-2.897765056682961,1.5066648993740905,-2.3705165810338316,-2.2416574324746796,-2.6651425692265986,-2.587559695612349,-3.431772181276946,-1.9719945562903942,-3.3038489380686045,-3.7077315820041736,-3.7485004545376324,-2.948926576304403
fold5_WT_idx012488,test,Nc1ncnc2c1ncn2[C@@H]1O[C@H](COP(=O)(O)OP(=O)(O)OP(=O)(O)O)[C@@H](O)[C@H]1O,MISASRAAAARLVGAAASRGPTAARHQDSWNGLSHEAFRLVSRRDYASEAIKGAVVGIDLGTTNSCVAVMEGKQAKVLENAEGARTTPSVVAFTADGERLVGMPAKRQAVTNPNNTFYATKRLIGRRYDDPEVQKDIKNVPFKIVRASNGDAWVEAHGKLYSPSQIGAFVLMKMKETAENYLGHTAKNAVITVPAYFNDSQRQATKDAGQISGLNVLRVINEPTAAALAYGLDKSEDKVIAVYDLGGGTFDISILEIQKGVFEVKSTNGDTFLGGEDFDQALLRHIVKEFKRETGVDLTKDNMALQRVREAAEKAKCELSSSVQTDINLPYLTMDSSGPKHLNMKLTRAQFEGIVTDLIRRTIAPCQKAMQDAEVSKSDIGEVILVGGMTRMPKVQQTVQDLFGRAPSKAVNPDEAVAIGAAIQGGVLAGDVTDVLLLDVTPLSLGIETLGGVFTKLINRNTTIPTKKSQVFSTAADGQTQVEIKVCQGEREMAGDNKLLGQFTLIGIPPAPRGVPQIEVTFDIDANGIVHVSAKDKGTGREQQIVIQSSGGLSKDDIENMVKNAEKYAEEDRRKKERVEAVNMAEGIIHDTETKMEEFKDQLPADECNKLKEEISKMRELLARKDSETGENIRQAASSLQQASLKLFEMAYKKMASEREGSGSSGTGEQKEDQKEEKQ,seq_c634877932816ff9,pyruvate,-2.0324200171683975,1.183461696146301,-1.7036493075330519,-2.6330202288480837,-1.8845915391354877,-2.4339777270030103,-2.2037046305153796,-2.347348298776754,-2.249913888031762,-2.6314869751936643,-0.6417170904884962,-1.594790486158289
fold5_WT_idx012783,test,O=Cc1ccccc1,MRNPGASFLIKHFLVLSLFLCAGTAHNPPEIVRHIVFNRYKSQLSQKQIDQIIADYGNLQNIAPEMKEWKWGTDLGPAVEDRADGFTHAYESTFHSVADFLNFFYSPPALEFAKEFFPACEKIVVLNYIINETFPYTWALPNKYVVT,seq_37de9143346ab4e4,"5,10-methenyltetrahydrofolate",1.6729812941194475,0.07212296770269022,1.4899515112105344,1.5928308820336823,1.9461601658003707,1.6893195907565512,1.6943722861478214,1.4772200157645732,1.6030798910230846,1.7418490936900701,1.9072526608163707,1.5877768439514202
fold5_WT_idx012957,test,CC(=O)C=O,MTVQTSKNPQVDIAEDNAFFPSEYSLSQYTSPVSDLDGVDYPKPYRGKHKILVIAADERYLPTDNGKLFSTGNHPIETLLPLYHLHAAGFEFEVATISGLMTKFEYWAMPHKDEKVMPFFEQHKSLFRNPKKLADVVASLNADSEYAAIFVPGGHGALIGLPESQDVAAALQWAIKNDRFVISLCHGPAAFLALRHGDNPLNGYSICAFPDAADKQTPEIGYMPGHLTWYFGEELKKMGMNIINDDITGRVHKDRKLLTGDSPFAANALGKLAAQEMLAAYAG,seq_ae049fded6505986,"5,5'-dithio-bis(2-nitrobenzoic acid)",0.07974535138910797,0.0599385084071558,-0.022769563369479995,0.24210492863180033,0.23113971832133717,0.24468334290035254,0.124349486472485,0.2012760328380635,-0.14299670072812132,0.05028506000916588,-0.032537988442292054,-0.09808080274223119
fold5_WT_idx013015,test,N[C@H](CCC(=O)O)C(=O)O,MTISFLLRSCLRSAVRSLPKAALIRNTSSMTEGLQPASVVVLPRSLAPAFESFCQGNRGPLPLLGQSEAVKTLPQLSAVSDIRTICPQLQKYKFGTCTGILTSLEEHSEQLKEMVTFIIDCSFSIEEALEQAGIPRRDLTGPSHAGAYKTTVPCATIAGFCCPLVVTMRPIPKDKLERLLQATHAIRGQQGQPIHIGDPGLLGIEALSKPDYGSYVECRPEDVPVFWPSPLTSLEAVISCKAPLAFASPPGCMVMVPKDTASSASCLTPEMVPEVHAISKDPLHYSIVSAPAAQKVRELESTIAVDPGNRGIGHLLLKDELLQAALSLSHARSVLVTTGFPTHFNHEPPEETDGPPGAIALAAFLQALGKETAMVVDQRALNLHMRIVEDAIRQGVLKTPIPILTYQGRSMEDARAFLCKDGDPKSPRFDHLVAIERAGRAADGNYYNARKMNIKHLVDPIDDIFLAAQKIPGISSTGVGDGGNELGMGKVKAAVKKHIRNGDVIACDVEADFAVIAGVSNWGGYALACALYILNSCQVHERYLRRATGPSRRAGEQSWIQALPSVAKEEKMLGILVENQVRSGVSGIVGMEVDGLPFHDVHAEMIRKLVGATTVHM,seq_7355da40c0d5607a,sulfite,1.507316230463036,0.047642846418844975,1.5590458923725432,1.5586209555381823,1.4992573046426139,1.6715634472422667,1.5783998878967576,1.364752960994943,1.4857675368911718,1.2523584861328314,1.5698150697981554,1.5335807631208929
fold5_WT_idx013120,test,CC(C)=CCC/C(C)=C/CC/C(C)=C/CC/C(C)=C/COP(=O)(O)OP(=O)(O)O,MTDPAVTPLAFSIPQLYCPFPTAIHPEVDTLTRAGMDFMTHHGFCNTEADRLVVANIDAGAIVARWYPNPDFPVDRLQMVTDFLYLYFLIDDLRFEVINSDTGLAGPIALFAQHLDLWEYPQAHRREELDLFHQAIHDLASRMAELTTPTKAARMRRSINGWFLALLREIALFNDDHAVMAEEYLPIRVVTVASRLMIDVNGFICPAEVPGDEWYSLKVQAAAEAAMSVCLYDNELYSAGKEQWLKSRATAHDRRPRNLVALIQAQTGGSTEHALQEVAEYRNRTVCLYLNLRSQLEKTASPALLAYLSVLDGVISGNLDAHATSSRYHNPDGHHPHAIAFTPLRTTDECSARAHTPIAPPIAWWWEQLDQ,seq_62db1e23f4a61396,(r)-reticuline,-1.3834394663673524,0.06784322329328796,-1.6117648851393782,-1.4352308572519905,-1.39155819166622,-1.2404949124409317,-1.2854380620810324,-1.3955653783382855,-1.2269846562195355,-1.5276623019017173,-1.3995799249461598,-1.3201154936882733
fold5_WT_idx013620,test,OC1OC[C@H](O)[C@H](O)[C@H]1O,MTKLSFIEQGLRVLDIERQALFDIKQYVDDNFHQACQLMYDCSGRIIIIGMGKSGHIGHKIAATLASTGSPAFFVHPGEASHGDLGMITKNDVVMLISNSGETSEVLNIIPVLKRLGAKIISMTGNTQSTMATLANVHVCIKVEKEACSLGLAPTASTTATLAMGDAMAVALLEARGFTADDFALSHPGGSLGKRLLLTLKDVMHSGVNTPIITTSQTIKDALIEMTAKGLGMTAIVDDNQQLAGLFTDGDLRRILEQRVDIHTTSIDAVMTKSCTTATQDMLAAQALNIMEHKRINGLIIINEHNQPIGALNMQDLLKAGVL,seq_c37133e5f08d79e1,l-gln-l-glu,1.4516164873956767,0.12271972572932288,1.415862220099213,1.2487544797281245,1.2600277878919852,1.528802374526385,1.119058436846508,1.9966295331882993,1.4194738102215605,1.6340168839020297,1.313179727558948,1.5803596199937142
fold5_WT_idx013778,test,N[C@@H](Cc1ccc(O)cc1)C(=O)O,MGDAPSPEEKLHLITRNLQEVLGEEKLKEILKERELKVYWGTATTGKPHVAYFVPMSKIADFLKAGCEVTILFADLHAYLDNMKAPWELLELRTSYYENVIKAMLESIGVPLEKLKFIKGTDYQLSKEYTLDVYRLSSVVTQHDAKKAGAEVVKQVEHPLLSGLLYPGLQALDEEYLKVDAQFGGVDQRKIFTFAEKYLPALGYSKRVHLMNPMVPGLTGSKMSSSEEESKIDLLDRKEDVKKKLKKAFCEPGNVENNGVLSFIKHVLFPLKSEFVILRDEKWGGNKTYTVYLELEKDFAAEVVHPGDLKNSVEVALNKLLDPIREKFNTPALKKLASAAYPDPPKQKPTAKGPAKNSEPEEIIPSRLDIRVGKIVSVEKHPDADSLYVEKIDVGEAEPRTVVSGLVQFVPKEELQDRLVVVLCNLKPQKMRGVDSQGMLLCASIEGVSRQVEPLDPPEGSAPGERVFVKGYEKGQPDEELKPKKKVFEKLQADFRISEECIAQWKQTNFMTKLGCISCKSLKGGNIS,seq_f7987482f32a1c7d,d-glycerate,0.9949732080830017,0.05162588073838981,0.9275582654355643,0.7634340839075789,0.7829906268544209,1.0514316231550584,0.8534262195620027,1.0554635936650205,1.1988726888371404,1.0681233421691707,1.1548224411391295,1.0936091961049312
fold5_WT_idx014100,test,O=C([O-])CCC(=O)[O-],MNKGENMNLEMWVQNISATFPWYAQLLRDKQADLSRLESLPLITEELLTQHYYHAENSFPGEHHSYLTSGTTSGKRKRIFYSDNDQRIYLQQRMDIIRDFCGEGHTRACADLGTGHAAATAGEIFQAMGCDVELIDFTRPIEQHIEVLNRFKPDIFFTMPMILDSLIATGKLDFQPKRIILLGDVASLNWQNKVADYFHIQPAQVLDLFGSIEIGSIAFYNHAQKRYQFDSYVRPEVVPVQSLYPGAKYGGDGGILLLTSFAREYFPAVRFVTNDLIEGFAQENVGGRTVYTYQRCLGRFAGEFKHGEKINLSDISDALANNLPYHKYDLADHEGGLVIRIAAKSIPTEVIEAIKHDLLARNPDIAQMISSGLVGDIRIQCVDAQEITGNVSKRRY,seq_eca1c04dec5145d0,5-phospho-alpha-d-ribose 1-diphosphate,1.3233805370498135,0.24479505951588898,2.4620183650085066,0.7337156204009632,1.2216728002512465,1.0410532434020998,1.223932897296072,1.6250050403386345,1.2086177162761822,1.4421700620009605,1.088421261893176,1.187198363630297
fold5_WT_idx014150,test,COC1=C(OC)C(=O)C(CC=C(C)C)=C(C)C1=O,MLVKFRKCGQANIFRSISNVRKIYNVAKNNLKNNKDIERKEKIIILGSGWGGFNFLLNIDFKKYDVTLISPRNYFTFTPLLPCLCSGTLSVNVCTESIRNFLRKKNGYCGNYLQLECTDVFYEDKYINCIDIENNKVKLFYDYLIIAVGAKTNTFNINGVDKYAYFVKDIDDALKIRKKFLDILEKCTLPNISNEEKKKMLHVAVVGGGPTGVEVTAEFADFINKEVKINYKDIFNFISISIIEGGNNLLPTFTQNISDFTKENFHNLNINVLTNYYVIDVDKHSFHIQSSLNKNEKKKLSYGLLIWASGLAQTTLIQKFLKTIPVQANNAILKVDEKLRVIGIPSNNIYAIGDCKKIQPKLLHEHTNEIIKILTGNKLTSEALKLKQSELTKTFPQLSISKWDYEKNKKGEMTPQQFHDYLFEIDKNYKSPTPTAQNAKQEAYYLSNVFNNFIHTNQKFNIPSFIEKWKGSLAYIGNHQVVADLPYYELKGGRFSSTFWKVVYIQLLLSWKSRFHFFIDFIKTKWYGRPFIK,seq_64d6632bec2db094,l-tryptophan,3.0193365745059766,0.11476460422790602,3.2444273810569486,2.6793778573682068,2.7460694184058565,2.6908698998405445,3.500967491694307,3.386354195103054,3.069946377425823,2.9125595209205657,3.0118534095017684,2.950940193742691
fold5_WT_idx014157,test,O=[N+]([O-])c1ccc(OP(=O)(O)O)cc1,MVKDTYISSASKTPPMERTVRVTGMTCAMCVKSIETAVGSLEGVEEVRVNLATETAFIRFDEKRIDFETIKRVIEDLGYGVVDEQAAVSAEVEHLSRMKRKLYVAAFAGVLLLFLAHFISLPYEDFVQLLIALPAIFYSGSSIFKAAFSALRRRTLNMDVMYSMGVGAAFLASVLSTAGVLPREYSFYETSVLLLAFLLLGRTLEARAKSRTGEAIKKLVGLQAKTAVVIRDGKEIAVPVEEVAVGDIVIVRPGEKIPVDGVVVEGESYVDESMISGEPVPVLKSKGDEVFGATINNTGVLKIRATRVGGETLLAQIVKLVEDAMGSKPPIQRLADKVVAYFIPTVLLVAISAFIYWYFIAHAPLLFAFTTLIAVLVVACPCAFGLATPTALTVGMGKGAELGILIKNADALEVAEKVTAVIFDKTGTLTKGKPEVTDLVPLNGDERELLRLAAIAERRSEHPIAEAIVKKALEHGIELGEPEKVEVIAGEGVVADGILVGNKRLMEDFGVAVSNEVELALEKLEREAKTAVIVARNGRVEGIIAVSDTLKESAKPAVQELKRMGIKVGMITGDNWRSAEAISRELNLDLVIAEVLPHQKSEEVKKLQAKEVVAFVGDGINDAPALAQADLGIAVGSGSDVAVESGDIVLIRDDLRDVVAAIQLSRKTMSKIKQNIFWALIYNVILIPAAAGLLYPIFGVVFRPEFAGLAMAMSSVSVVANSLLLRNYVPPIRRGGDSVEKIVLELSGLSCHHCVARVKKALEEAGAKVEKVDLNEAVVAGNKEDVDKYIKAVEAAGYQAKLRS,seq_82fea28e76bd9f1a,validamine 7-phosphate,0.5878842764901511,0.13887108705719575,0.4315287900436283,0.7655209986790678,0.8195558571319475,0.47552912196077435,0.8882443912930993,0.38138102201296264,0.4354060837945294,0.6798534966577561,0.7277295558529792,0.2740934474747666
fold5_WT_idx014158,test,Nc1ncnc2c1ncn2[C@@H]1O[C@H](COP(=O)(O)OP(=O)(O)OP(=O)(O)O)[C@@H](O)[C@H]1O,MVKDTYISSASKTPPMERTVRVTGMTCAMCVKSIETAVGSLEGVEEVRVNLATETAFIRFDEKRIDFETIKRVIEDLGYGVVDEQAAVSAEVEHLSRMKRKLYVAAFAGVLLLFLAHFISLPYEDFVQLLIALPAIFYSGSSIFKAAFSALRRRTLNMDVMYSMGVGAAFLASVLSTAGVLPREYSFYETSVLLLAFLLLGRTLEARAKSRTGEAIKKLVGLQAKTAVVIRDGKEIAVPVEEVAVGDIVIVRPGEKIPVDGVVVEGESYVDESMISGEPVPVLKSKGDEVFGATINNTGVLKIRATRVGGETLLAQIVKLVEDAMGSKPPIQRLADKVVAYFIPTVLLVAISAFIYWYFIAHAPLLFAFTTLIAVLVVACPCAFGLATPTALTVGMGKGAELGILIKNADALEVAEKVTAVIFDKTGTLTKGKPEVTDLVPLNGDERELLRLAAIAERRSEHPIAEAIVKKALEHGIELGEPEKVEVIAGEGVVADGILVGNKRLMEDFGVAVSNEVELALEKLEREAKTAVIVARNGRVEGIIAVSDTLKESAKPAVQELKRMGIKVGMITGDNWRSAEAISRELNLDLVIAEVLPHQKSEEVKKLQAKEVVAFVGDGINDAPALAQADLGIAVGSGSDVAVESGDIVLIRDDLRDVVAAIQLSRKTMSKIKQNIFWALIYNVILIPAAAGLLYPIFGVVFRPEFAGLAMAMSSVSVVANSLLLRNYVPPIRRGGDSVEKIVLELSGLSCHHCVARVKKALEEAGAKVEKVDLNEAVVAGNKEDVDKYIKAVEAAGYQAKLRS,seq_82fea28e76bd9f1a,"2-methyl-1-(2,4,6-trihydroxyphenyl)propan-1-one",-0.6125978426205549,0.12336075488383136,-0.7247245351695398,-0.5725289198742224,-0.6862117813372258,-0.8975238929269681,-0.3667991206782014,-0.6228032489632201,-0.4329278455436688,-0.7500580309746657,-0.3365276052383924,-0.7358734454994448
