Substrate Name	Substrate SMILES	Protein Sequence	pair_id	split
nadph	C[S+](CC[C@H](N)C(=O)[O-])C[C@H]1O[C@@H](n2cnc3c(N)ncnc32)[C@H](O)[C@@H]1O	MATIFSGGSVSPFLFHTNKGTSFTPKAPILHLKRSFSAKSVASVGTEPSLSPAVQTFWKWLQEEGVITAKTPVKASVVTEGLGLVALKDISRNDVILQVPKRLWINPDAVAASEIGRVCSELKPWLSVILFLIRERSREDSVWKHYFGILPQETDSTIYWSEEELQELQGSQLLKTTVSVKEYVKNECLKLEQEIILPNKRLFPDPVTLDDFFWAFGILRSRAFSRLRNENLVVVPMADLINHSAGVTTEDHAYEVKGAAGLFSWDYLFSLKSPLSVKAGQQVYIQYDLNKSNAELALDYGFIEPNENRHAYTLTLEISESDPFFDDKLDVAESNGFAQTAYFDIFYNRTLPPGLLPYLRLVALGGTDAFLLESLFRDTIWGHLELSVSRDNEELLCKAVREACKSALAGYHTTIEQDRELKEGNLDSRLAIAVGIREGEKMVLQQIDGIFEQKELELDQLEYYQERRLKDLGLCGENGDILGDLGKFF	fold5_MD_idx000909	test
nadph	CCn1c(=NN=c2sc3cc(S(=O)(=O)O)ccc3n2CC)sc2cc(S(=O)(=O)O)ccc21	GPSTDLVIGNKGFDGGIDSAILR	fold5_WT_idx001070	test
indole-3-acetaldehyde	N=C(N)NCCC[C@H](N)C(=O)O	MEEKEILWNEAKAFIAACYQELGKEEEVKDRLADIKSEIDLTGSYVHTKEELEHGAKMAWRNSNRCIGRLFWNSLNVIDRRDVRTKEEVRDALFHHIETATNNGKIRPTITIFPPEEKGEKQVEIWNHQLIRYAGYESDGERIGDPASCSLTAACEELGWRGERTDFDLLPLIFRMKGDEQPVWYELPRSLVIEVPITHPDIEAFSDLELKWYGVPIISDMKLEVGGIHYNAAPFNGWYMGTEIGARNLADEKRYDKLKKVASVIGIAADYNTDLWKDQALVELNKAVLHSYKKQGVSIVDHHTAASQFKRFEEQEEEAGRKLTGDWTWLIPPISPAATHIFHRSYDNSIVKPNYFYQDKPYE	fold5_WT_idx001406	test
nadh	N[C@@H](CC1(C(=O)O)C=CC(O)C=C1)C(=O)[O-]	MLLHFSPAKPLISPPNLRRNSPTFLISPPRSLRIRAIDAAQIFDYETQLKSEYRKSSALKIAVLGFGNFGQFLSKTLIRHGHDLITHSRSDYSDAANSIGARFFDNPHDLCEQHPDVVLLCTSILSTESVLRSFPFQRLRRSTLFVDVLSVKEFPKALFIKYLPKEFDILCTHPMFGPESGKHSWSGLPFVYDKVRIGDAASRQERCEKFLRIFENEGCKMVEMSCEKHDYYAAGSQFVTHTMGRVLEKYGVESSPINTKGYETLLDLVENTSSDSFELFYGLFMYNPNALEQLERLDMAFESVKKELFGRLHQQYRKQMFGGEVQSPKKTEQKLLNDGGVVPMNDISSSSSSSSSSS	fold5_WT_idx001645	test
3-hydroxypyruvate	O=C(O)C(=O)CC1(C(=O)O)C=CC(O)C=C1	MLLHFSPAKPLISPPNLRRNSPTFLISPPRSLRIRAIDAAQIFDYETQLKSEYRKSSALKIAVLGFGNFGQFLSKTLIRHGHDLITHSRSDYSDAANSIGARFFDNPHDLCEQHPDVVLLCTSILSTESVLRSFPFQRLRRSTLFVDVLSVKEFPKALFIKYLPKEFDILCTHPMFGPESGKHSWSGLPFVYDKVRIGDAASRQERCEKFLRIFENEGCKMVEMSCEKHDYYAAGSQFVTHTMGRVLEKYGVESSPINTKGYETLLDLVENTSSDSFELFYGLFMYNPNALEQLERLDMAFESVKKELFGRLHQQYRKQMFGGEVQSPKKTEQKLLNDGGVVPMNDISSSSSSSSSSS	fold5_WT_idx001646	test
pyruvate	N[C@@H](CS)C(=O)O	STRRQAITLYRNLLRESEKLPSYNFRMYAARKIRDTFRANRSTRDFAEIDRQMAEGQQNLELIRRQVIIGHLYSADKLVIENKKTLKPSDD	fold5_MD_idx001667	test
l-malate	O=N[O-]	MAEQMQISRRTILAGAALAGALAPVLATTSAWGQGAVRKATAAEIAALPRQKVELVDPPFVHAHSQVAEGGPKVVEFTMVIEEKKIVIDDAGTEVHAMAFNGTVPGPLMVVHQDDYLELTLINPETNTLMHNIDFHAATGALGGGGLTEINPGEKTILRFKATKPGVFVYHCAPPGMVPWHVVSGMNGAIMVLPREGLHDGKGKALTYDKIYYVGEQDFYVPRDENGKYKKYEAPGDAYEDTVKVMRTLTPTHVVFNGAVGALTGDKAMTAAVGEKVLIVHSQANRDTRPHLIGGHGDYVWATGKFNTPPDVDQETWFIPGGAAGAAFYTFQQPGIYAYVNHNLIEAFELGAAAHFKVTGEWNDDLMTSVLAPSGT	fold5_WT_idx001975	test
l-malate	N=C(O)C1=CN([C@@H]2O[C@H](COP(=O)(O)OP(=O)(O)OC[C@H]3O[C@@H](n4cnc5c(N)ncnc54)[C@H](O)[C@@H]3O)[C@@H](O)[C@H]2O)C=CC1	MSRKIVVVGGVAGGASVAARLRRLSEEDEIIMVERGEYISFANCGLPYYIGGVITERQKLLVQTVERMSKRFNLDIRVLSEVVKINKEEKTITIKNVTTNETYNEAYDVLILSPGAKPIVPSIPGIEEAKALFTLRNVPDTDRIKAYIDEKKPRHATVIGGGFIGVEMVENLRERGIEVTLVEMANQVMPPIDYEMAAYVHEHMKNHDVELVFEDGVDALEENGAVVRLKSGSVIQTDMLILAIGVQPESSLAKGAGLALGVRGTIKVNEKFQTSDPHIYAIGDAIEVKDFVTETETMIPLAWPANRQGRMLADIIHGHTDSLYKGTLGTSVAKVFDLTVATTGLNEKILKRLNIPYEVVHVQANSHAGYYPNATPVLIKLIFNKDSGKIYGAQTLGRDGVDKRMDVIATAIKANLTVLDLPDLELSYAPPYSSAKDPVNMVGYAASNIVDGFVDTVQWHEIDRIVENGGYLIDVREPNELKQGMIKGSINIPLDELRDRLEEVPVDKDIYITCQLGMRGYVAARMLMEKGYKVKNVDGGFKLYGTVLPERIVY	fold5_WT_idx001982	test
isocitrate	O=C[C@H](O)[C@@H](O)[C@H](O[C@H]1O[C@H](CO)[C@@H](O[C@H]2O[C@H](CO)[C@@H](O[C@H]3O[C@H](CO)[C@@H](O[C@H]4O[C@H](CO)[C@@H](O[C@H]5O[C@H](CO)[C@@H](O[C@H]6O[C@H](CO)[C@@H](O)[C@H](O)[C@H]6O)[C@H](O)[C@H]5O)[C@H](O)[C@H]4O)[C@H](O)[C@H]3O)[C@H](O)[C@H]2O)[C@H](O)[C@H]1O)[C@H](O)CO	MSQPIFNDKQFQEALSRQWQRYGLNSAAEMTPRQWWLAVSEALAEMLRAQPFAKPVANQRHVNYISMEFLIGRLTGNNLLNLGWYQDVQDSLKAYDINLTDLLEEEIDPALGNGGLGRLAACFLDSMATVGQSATGYGLNYQYGLFRQSFVDGKQVEAPDDWHRSNYPWFRHNEALDVQVGIGGKVTKDGRWEPEFTITGQAWDLPVVGYRNGVAQPLRLWQATHAHPFDLTKFNDGDFLRAEQQGINAEKLTKVLYPNDNHTAGKKLRLMQQYFQCACSVADILRRHHLAGRKLHELADYEVIQLNDTHPTIAIPELLRVLIDEHQMSWDDAWAITSKTFAYTNHTLMPEALERWDVKLVKGLLPRHMQIINEINTRFKTLVEKTWPGDEKVWAKLAVVHDKQVHMANLCVVGGFAVNGVAALHSDLVVKDLFPEYHQLWPNKFHNVTNGITPRRWIKQCNPALAALLDKSLQKEWANDLDQLINLEKFADDAKFRQQYREIKQANKVRLAEFVKVRTGIEINPQAIFDIQIKRLHEYKRQHLNLLHILALYKEIRENPQADRVPRVFLFGAKAAPGYYLAKNIIFAINKVADVINNDPLVGDKLKVVFLPDYCVSAAEKLIPAADISEQISTAGKEASGTGNMKLALNGALTVGTLDGANVEIAEKVGEENIFIFGHTVEQVKAILAKGYDPVKWRKKDKVLDAVLKELESGKYSDGDKHAFDQMLHSIGKQGGDPYLVMADFAAYVEAQKQVDVLYRDQEAWTRAAILNTARCGMFSSDRSIRDYQARIWQAKR	fold5_WT_idx002242	test
2-deoxy-d-glucose	N[C@H](COP(=O)(O)O)Cc1cnc[nH]1	MNPLDLIAKRAYPYETEKRDKTYLALNENPFPFPEDLVDEVFRRLNSDALRIYYDSPDEELIEKILSYLDTDFLSKNNVSVGNGADEIIYVMMLMFDRSVFFPPTYSCYRIFAKAVGAKFLEVPLTKDLRIPEVNVGEGDVVFIPNPNNPTGHVFEREEIERILKTGAFVALDEAYYEFHGESYVDFLKKYENLAVIRTFSKAFSLAAQRVGYVVASEKFIDAYNRVRLPFNVSYVSQMFAKVALDHREIFEERTKFIVEERERMKSALREMGYRITDSRGNFVFVFMEKEEKERLLEHLRTKNVAVRSFREGVRITIGKREENDMILRELEVFK	fold5_WT_idx002551	test
d-galactose	Nc1ncnc2c1ncn2[C@@H]1O[C@H](COP(=O)(O)OP(=O)(O)OP(=O)(O)O)[C@@H](O)[C@H]1O	MQSQDSCYGVAFRSIITNDEALFKKTIHFYHTLGFATVKDFNKFKHGENSLLSSGTSQDSLREVWLESFKLSEVDASGFRIPQQEATNKAQSQGALLKIRLVMSAPIDETFDTNETATITYFSTDLNKIVEKFPKQAEKLSDTLVFLKDPMGNNITFSGLANATDSAPTSKDAFLEATSEDEIISRASSDASDLLRQTLGSSQKKKKIAVMTSGGDSPGMNAAVRAVVRTGIHFGCDVFAVYEGYEGLLRGGKYLKKMAWEDVRGWLSEGGTLIGTARSMEFRKREGRRQAAGNLISQGIDALVVCGGDGSLTGADLFRHEWPSLVDELVAEGRFTKEEVAPYKNLSIVGLVGSIDNDMSGTDSTIGAYSALERICEMVDYIDATAKSHSRAFVVEVMGRHCGWLALMAGIATGADYIFIPERAVPHGKWQDELKEVCQRHRSKGRRNNTIIVAEGALDDQLNPVTANDVKDALIELGLDTKVTILGHVQRGGTAVAHDRWLATLQGVDAVKAVLEFTPETPSPLIGILENKIIRMPLVESVKLTKSVATAIENKDFDKAISLRDTEFIELYENFLSTTVKDDGSELLPVSDRLNIGIVHVGAPSAALNAATRAATLYCLSHGHKPYAIMNGFSGLIQTGEVKELSWIDVENWHNLGGSEIGTNRSVASEDLGTIAYYFQKNKLDGLIILGGFEGFRSLKQLRDGRTQHPIFNIPMCLIPATVSNNVPGTEYSLGVDTCLNALVNYTDDIKQSASATRRRVFVCEVQGGHSGYIASFTGLITGAVSVYTPEKKIDLASIREDITLLKENFRHDKGENRNGKLLVRNEQASSVYSTQLLADIISEASKGKFGVRTAIPGHVQQGGVPSSKDRVTASRFAVKCIKFIEQWNKKNEASPNTDAKVLRFKFDTHGEKVPTVEHEDDSAAVICVNGSHVSFKPIANLWENETNVELRKGFEVHWAEYNKIGDILSGRLKLRAEVAALAAENK	fold5_WT_idx002575	test
2,2'-azino-bis(3-ethylbenzthiazoline-6-sulfonic acid)	Nc1ncnc2c1ncn2[C@@H]1O[C@H](COP(=O)(O)OP(=O)(O)OP(=O)(O)O)[C@@H](O)[C@H]1O	MKFAVSSKGDQVSDTLKSKIQAYLLDFDMELDENEPEIVISVGGDGTLLYAFHRYSDRLDKTAFVGVHTGHLGFYADWVPHEIEKLVLAIAKTPYHTVEYPLLEVIVTYHENEREERYLALNECTIKSIEGSLVADVEIKGQLFETFRGDGLCLSTPSGSTAYNKALGGAIIHPSIRAIQLAEMASINNRVFRTVGSPLLLPSHHDCMIKPRNEVDFQVTIDHLTLLHKDVKSIRCQVASEKVRFARFRPFPFWKRVQDSFIGKGE	fold5_WT_idx002636	test
2,2'-azino-bis(3-ethylbenzthiazoline-6-sulfonic acid)	N=C(O)c1ccc[n+]([C@@H]2O[C@H](COP(=O)(O)OP(=O)([O-])OC[C@H]3O[C@@H](n4cnc5c(N)ncnc54)[C@H](O)[C@@H]3O)[C@@H](O)[C@H]2O)c1	MNNHFKCIGIVGHPRHPTALTTHEMLYRWLCTKGYEVIVEQQIAHELQLKNVKTGTLAEIGQLADLAVVVGGDGNMLGAARTLARYDIKVIGINRGNLGFLTDLDPDNAQQQLADVLEGHYISEKRFLLEAQVCQQDCQKRISTAINEVVLHPGKVAHMIEFEVYIDEIFAFSQRSDGLIISTPTGSTAYSLSAGGPILTPSLDAITLVPMFPHTLSARPLVINSSSTIRLRFSHRRNDLEISCDSQIALPIQEGEDVLIRRCDYHLNLIHPKDYSYFNTLSTKLGWSKKLF	fold5_WT_idx002638	test
syringaldazine	Cc1[nH]c(=N)[nH]c(=N)c1OCCCOc1cc(Cl)c(Cl)cc1Cl	MQSTANYLWHTDDLLGQGATASVYKARNKKSGELVAVKVFNTTSYLRPREVQVREFEVLRKLNHQNIVKLFAVEETGGSRQKVLVMEYCSSGSLLSVLESPENAFGLPEDEFLVVLRCVVAGMNHLRENGIVHRDIKPGNIMRLVGEEGQSIYKLTDFGAARELDDDEKFVSVYGTEEYLHPDMYERAVLRKPQQKAFGVTVDLWSIGVTLYHAATGSLPFIPFGGPRRNKEIMYRITTEKPAGAIAGAQRRENGPLEWSYTLPITCQLSLGLQSQLVPILANILEVEQAKCWGFDQFFAETSDILQRVVVHVFSLSQAVLHHIYIHAHNTIAIFQEAVHKQTSVAPRHQEYLFEGHLCVLEPSVSAQHIAHTTASSPLTLFSTAIPKGLAFRDPALDVPKFVPKVDLQADYNTAKGVLGAGYQALRLARALLDGQELMFRGLHWVMEVLQATCRRTLEVARTSLLYLSSSLGTERFSSVAGTPEIQELKAAAELRSRLRTLAEVLSRCSQNITETQESLSSLNRELVKSRDQVHEDRSIQQIQCCLDKMNFIYKQFKKSRMRPGLGYNEEQIHKLDKVNFSHLAKRLLQVFQEECVQKYQASLVTHGKRMRVVHETRNHLRLVGCSVAACNTEAQGVQESLSKLLEELSHQLLQDRAKGAQASPPPIAPYPSPTRKDLLLHMQELCEGMKLLASDLLDNNRIIERLNRVPAPPDV	fold5_WT_idx002711	test
syringaldazine	CC(C)(COP(=O)(O)OP(=O)(O)OC[C@H]1O[C@@H](n2cnc3c(N)ncnc32)[C@H](O)[C@@H]1OP(=O)(O)O)[C@@H](O)C(O)=NCCC(O)=NCCS	MIYGIGLDITELKRIASMAGRQKRFAERILTRSELDQYYELSEKRKNEFLAGRFAAKEAFSKAFGTGIGRQLSFQDIEIRKDQNGKPYIICTKLSQAAVHVSITHTKEYAAAQVVIERLSS	fold5_WT_idx002882	test
cu2+	O=S([O-])(O)=S	MSQSISSSTKAEEVVSVDVSQAKTLLQSGHQYLDVRTQDEFRRGHCEAAKIVNIPYMLNTPQGRVKNQEFLEQVSSLLNPADDILVGCQSGARSLKATTELVAAGYKKVRNVGGGYLAWVDHSFPINTEEEEPSAN	fold5_WT_idx002897	test
h2o2	CCCCCCCCCCCCCCCCOCC(O)COP(=O)([O-])OCC[N+](C)(C)C	MKGKLLKGVLSFGIGLGVLYGGSSVQADTSTDQNNTLKVMTHNVYMLSTNLYPNWGQSQRADLIGAADYIKNQDVVILNEVFDNSASDRLLGNLKKEYPNQTAVLGRSNGNEWDKTLGSYSSSTPEDGGVAIVSKWPIVEKIQYVFAKGCGPDNLSNKGFVYTKIKKNDRFVHVIGTHLQAEDSMCGKTSPASVRTNQLKEIQDFIKNKNIPNDEYVLFGGDMNVNKINAENNSDSEYASMFKTLHASIPSYTGHTATWDATTNSIAKYNFPDSPAEYLDYIIASKDHANPSFIENKVLQPKSPQWTVTSWLKKYTYDDYSDHYPVAATISMK	fold5_WT_idx003132	test
h2o2	CCCCCCCCCCCCCCCCOCC(O)COP(=O)([O-])OCC[N+](C)(C)C	MKGKLLKGVLSLGVGLGALYSGTSAQAEASTNQNDTLKVMTHNVYMLSTNLYPNWGQTERADLFGAADYIKNQDVVILNEVFDNSASDRLLGNLKKEYPNQTAVLGRSSGSEWDKTLGNYSSSTPEDGGVAIVSKWPIAEKIQYVFAKGCGPDNLSNKGFVYTKIKKNDRFVHVIGTHLQAEDSMCGKTSPASVRTNQLKEIQDFIKNKNIPNNEYVLIGGDMNVNKINAENNNDSEYASMFKTLNASVPSYTGHTATWDATTNSIAKYNFPDSLAEYLDYIIASKDHANPSYIENKVLQPKSPQWTVTSWFKNIRIMITLIIIQVEATISMK	fold5_WT_idx003133	test
fad	Cc1onc(-c2ccccc2)c1C(O)=N[C@@H]1C(=O)N2[C@@H]1SC(C)(C)[C@@H]2C(=O)O	MKVKYALLSAGALQLLVVGCGSSHHETHYGYATLSYADYWAGELGQSRDVLLAGNAEADRAGDLDAGMFDAVSRATHGHGAFRQQFQYAVEVLGEKVLSKQETEDSRGRKKWEYETDPSVTKMVRASASFQDLGEDGEIKFEAVEGAVALADRASSFMVDSEEYKITNVKVHGMKFVPVAVPHELKGIAKEKFHFVEDSRVTENTNGLKTMLTEDSFSARKVSSMESPHDLVVDTVGTGYHSRFGSDAEASVMLKRADGSELSHREFIDYVMNFNTVRYDYYGDDASYTNLMASYGTKHSADSWWKTGRVPRISCGINYGFDRFKGSGPGYYRLTLIANGYRDVVADVRFLPKYEGNIDIGLKGKVLTIGGADAETLMDAAVDVFADGQPKLVSDQAVSLGQNVLSADFTPGTEYTVEVRFKEFGSVRAKVVAQ	fold5_WT_idx003491	test
nadph	N=c1ccn([C@H]2C[C@H](O)[C@@H](COP(=O)(O)OP(=O)(O)OP(=O)(O)O)O2)c(O)n1	MILSDKDIIDYVTSKRIIIKPFNKDFVGPCSYDVTLGDEFIIYDDEVYDLSKELNYKRIKIKNSILVCPLNYNLTEEKINYFKEKYNVDYVVEGGVLGTTNEYIELPNDISAQYQGRSSLGRVFLTSHQTAGWIDAGFKGKITLEIVAFDKPVILYKNQRIGQLIFSKLLSPADVGYSERKTSKYAYQKSVMPSLIHLDNHKKD	fold5_WT_idx003840	test
hexanal	C[C@@H](C(=O)O)C(=O)SCCN=C(O)CCN=C(O)[C@H](O)C(C)(C)COP(=O)(O)OP(=O)(O)OC[C@H]1O[C@@H](n2cnc3c(N)ncnc32)[C@H](O)[C@@H]1OP(=O)(O)O	MRRCEVNSKPISEYFGIPCENREMAKCLLTSSLSVRTKLLQTGVSLYNTSHGFHEEEVKKILEQFPGGSIDLLKKQNGIGILTLNNPNKMNAFSGVMMLQLLERVIELENWTEGKGLIIHGAKNTFCSGSDLNAVKALSTPESGVALSMFMQNTLTRFMRLPLISVALVQGWAMGGGAELTTACDFRLMTEESVIRFVHKEMGIVPSWGGTSRLVEIIGSRQALKVLSGTLKLDSKEALNIGLTDEVLQPSDETTALEQAQEWLEKFVSGPPQVIRGLKKSVCSARELYIEEALQNERDVLETLWGGPANLEAIAKKGKHTK	fold5_WT_idx004023	test
nad+	O=C=O	MPFHAEPLKPSDEIDMDLGHSVAAQKFKEIREVLEGNRYWARKVTSEEPEFMAEQVKGQAPNFLWIGCADSRVPEVTIMARKPGDVFVQRNVANQFKPEDDSSQALLNYAIMNVGVTHVMVVGHTGCGGCIAAFDQPLPTEENPGGTPLVRYLEPIIRLKHSLPEGSDVNDLIKENVKMAVKNVVNSPTIQGAWEQARKGEFREVFVHGWLYDLSTGNIVDLNVTQGPHPFVDDRVPRA	fold5_WT_idx004104	test
l-glutamate	Nc1ncnc2c1ncn2[C@@H]1O[C@H](COP(=O)(O)OP(=O)(O)OP(=O)(O)O)[C@@H](O)[C@H]1O	MTLPNPGSVLASLTELTQVNRTHALLRRVKDLSVNEFVCLLDFITAEFQQFLRAIELINNEALENMLEKVLEAITLKIGQILQAEHTAIFLVDYDKCQLWSKVPQDNGQKFLEIRTPITVGIPGHVASTGQYLNISETATHPLFSPELERQMGYKINNILCMPVVSSKDQIVAVVQLANKTGNIPFNRNDEESFRDFAASIGIILETCQSFYVAARNQRGVTALLRATQTLGQSLDLEATLQIVMEQARILMQADRSTLFLYRKEMGELWTKVAAAADTTQLIEIRIPANRGIVGYVASTGDALNISDAYKDPRFDPTTDRKTGYLTRNILCLPVFNSANELIGVTQLINKQQGSFTASDEEFMRAFNIQAGVALENARLFENVLLEKQYQKDILQSLSDAVISTDMAGRIVTINDAALELLGCPLGDANHKSNKLLWEQNLIGRVVWEIVPIENLQMRLEDSLKSGAKHYVPEQSLIVGIYQLQMSESRVLHETQDYSILTVRDRINPDIFLPWNLPQTPQSQFITPEEVQILERSINLTVNPLTNPEGGVRGGLVVLEDISQEKRLKTTMYRYLTPHVAEQVMALGEDALMVGERKEVTVLFSDIRGYTTLTENLGAAEVVSLLNQYFETMVEAVFNYEGTLDKFIGDALMAVFGAPLPLTENHAWQAVQSALDMRQRLKEFNQRRIIQAQPQIKIGIGISSGEVVSGNIGSHKRMDYTVIGDGVNLSSRLETVTKEYGCDIILSEFTYQLCSDRIWVRQLDKIRVKGKHQAVNIYELISDRSTPLDDNTQEFLFHYHNGRTAYLVRDFTQAIACFNSAKHIRPTDQAVNIHLERAYNYQQTPPPPQWDGVWTIFTK	fold5_WT_idx004280	test
3-deoxy-d-manno-octulosonate	C[S+](CC[C@H](N)C(=O)[O-])C[C@H]1O[C@@H](n2cnc3c(N)ncnc32)[C@H](O)[C@@H]1O	MDKLFSMIEVEVNSQCNRTCWYCPNSVSKRKETGEMDPALYKTLMEQLSSLDFAGRISFHFYGEPLLCKNLDLFVGMTTEYIPRARPIIYTNGDFLTEKRLQTLTELGIQKFIVTQHAGAKHKFRGVYDQLAGADKEKVVYLDHSDLVLSNRGGILDNIPQASKANMSCMVPSNLAVVTVLGNVLPCFEDFNQKMVMGNIGEQHISDIWHNDKFTSFRKMLKEGHRGKSDLCKNCNNVSVQTEEQYDYVL	fold5_WT_idx006350	test
p-nitrophenyl propionate	CC(=O)N1c2ccc(O)cc2Oc2cc(O)ccc21	MGVPFFSSLRCMVDLGPCWAGGLTAEMKLLLALAGLLAILATPQPSEGAAPAVLGEVDTSLVLSSMEEAKQLVDKAYKERRESIKQRLRSGSASPMELLSYFKQPVAATRTAVRAADYLHVALDLLERKLRSLWRRPFNVTDVLTPAQLNVLSKSSGCAYQDVGVTCPEQDKYRTITGMCNNRRSPTLGASNRAFVRWLPAEYEDGFSLPYGWTPGVKRNGFPVALARAVSNEIVRFPTDQLTPDQERSLMFMQWGQLLDHDLDFTPEPAARASFVTGVNCETSCVQQPPCFPLKIPPNDPRIKNQADCIPFFRSCPACPGSNITIRNQINALTSFVDASMVYGSEEPLARNLRNMSNQLGLLAVNQRFQDNGRALLPFDNLHDDPCLLTNRSARIPCFLAGDTRSSEMPELTSMHTLLLREHNRLATELKSLNPRWDGERLYQEARKIVGAMVQIITYRDYLPLVLGPTAMRKYLPTYRSYNDSVDPRIANVFTNAFRYGHTLIQPFMFRLDNRYQPMEPNPRVPLSRVFFASWRVVLEGGIDPILRGLMATPAKLNRQNQIAVDEIRERLFEQVMRIGLDLPALNMQRSRDHGLPGYNAWRRFCGLPQPETVGQLGTVLRNLKLARKLMEQYGTPNNIDIWMGGVSEPLKRKGRVGPLLACIIGTQFRKLRDGDRFWWENEGVFSMQQRQALAQISLPRIICDNTGITTVSKNNIFMSNSYPRDFVNCSTLPALNLASWREAS	fold5_WT_idx006495	test
isomaltose	CC(O)C(O)C1CNc2[nH]c(=N)nc(O)c2N1	MEEKEILWNEAKAFIAACYQELGKEEEVKDRLADIKSEIDLTGSYVHTKEELEHGAKMAWRNSNRCIGRLFWNSLNVIDRRDVRTKEEVRDALFHHIETATNNGKIRPTITIFPPEEKGEKQVEIWNHQLIRYAGYESDGERIGDPASCSLTAACEELGWRGERTDFDLLPLIFRMKGDEQPVWYELPRSLVIEVPITHPDIEAFSDLELKWYGVPIISDMKLEVGGIHYNAAPFNGWYMGTEIGARNLADEKRYDKLKKVASVIGIAADYNTDLWKDQALVELNKAVLHSYKKQGVSIVDHHTAASQFKRFEEQEEEAGRKLTGDWTWLIPPISPAATHIFHRSYDNSIVKPNYFYQDKPYE	fold5_WT_idx006890	test
zn2+	N=c1nc(O)c2c([nH]1)NCC(CN(C=O)c1ccc(C(=O)N[C@@H](CCC(=O)O)C(=O)O)cc1)N2	MKIAVIGQSLFGQEVYKELKNEGHMIVGVFTIPDKDGKVDPLAIEAEKDGVPVFKFPRWRLKGKAITEVVDQYKAVGAELNVLPFCSQFIPMEVIDHPKHGSIIYHPSLLPRHRGASAINWTLIHGDKKGGFTVFWADDGLDTGPILLQRECDVEPNDNVNSIYKRFLFPEGVKGMVEAVRLIATGKAPRIKQPEEGATYECIQKKENSKIDWNQPAEAIHNWIRGNDRVPGAWAEIDGKSVSFYGSTLLENDHFSSNGQPLEIPGASRAALVTKNGLVLFGNDGKMLLVKNLQFEDGKMIPGSQYFKAGVTSTVELSEDENRFAEQMRVVWKSILTNVEKIEDTTDFFKSGAASMDVVRLVEEVKLRAAQLQLQNEDVYMATSFQEFIQMCVRKLRGEDEEEEFNVDYVEKKLNNMTIHIPHQLFINGEFVDAEGGKTYKSINPTDGQAICDVSLAQISDVEKAVAAAKEAFEEGEWGKMNPRDRGKLLYKLADLMEQHQEELATIESIDSGAVYTLALKTHIGMSIQTFRYFAGWCDKIQGCTIPINQARPNRNLTFTKKEPIGVCGIVIPWNYPLMMLAWKTAACLAAGNTVVLKPAQVTPLTALKFAELTALAKFPKGVVNILPGSGSLVGQRLSDHPDVRKLGFTGSTEIGKHIMKSCAVSNVKKVSLELGGKSPLIIFNDCDLDKAVRMGMSSVFFNKGENCIAAGRLFIEESIHDIFLERVVSEIRKMKIGDPLDRSTDHGPQNHKAHLDKLVEYCEKGVKEGAKLVCGGKQVERPGFFFEPTVFTDVQDHMYIAVEESFGPVMIISKFSNGEVDKVLQRANATEFGLASGVFTRDISKALYVSEKLQAGTVFINTYNKTDVAAPFGGFKQSGFGKDLGQEALNEYLKTKCVTVEY	fold5_WT_idx007788	test
gtp	[O-][Cl+2]([O-])[O-]	MSTDSDAETVDLADGVDHQVAMVMDLNKCIGCQTCTVACKSLWTEGGGRDYMYWNNVETKPGKGYPRNWEESGGGWKSSEHKERKPGQIPDKEDYGDAWEFNHEEIMYNGSDRPLRPDSDPEWGPNWDEDQGTGEYPNSYYFYLPRICNHCTHPSCVEACPRKAIYKREEDGIVLIDQERCRGYRYCVEGCPYKKVYYNATQKTSEKCIFCYPRIEGEGPDGKTFAPACAEDCPPQLRLVGFLDDEQGPIHKLVEEYEVALPLHPEYQTQPNVYYIPPFAPPQHSEDGESVDVDRIPRNYLEELFGERVHDALDTIEREREKVNRGGGSELLDMLTDTNPARKFRLEVFDDD	fold5_WT_idx007994	test
l-tyrosine	CC1=CC(=O)c2ccccc2C1=O	MAALLGIVSPVTFTGKHPVNSRSRRRTVVKCSNERRILFNRIAPVYDNLNDLLSLGQHRIWKNMAVSWSGAKKGDYVLDLCCGSGDLAFLLSEKVGSTGKVMGLDFSSEQLAVAATRQSLKARSCYKCIEWIEGDAIDLPFDDCEFDAVTMGYGLRNVVDRLRAMKEMYRVLKPGSRVSILDFNKSNQSVTTFMQGWMIDNVVVPVATVYDLAKEYEYLKYSINGYLTGEELETLALEAGFSSACHYEISGGFMGNLVAMR	fold5_WT_idx008112	test
2,4-dimethylbenzaldehyde	CCCCCCCCCCCCCCCC(=O)SCCN=C(O)CCN=C(O)[C@H](O)C(C)(C)COP(=O)(O)OP(=O)(O)OC[C@H]1O[C@@H](n2cnc3c(N)ncnc32)[C@H](O)[C@@H]1OP(=O)(O)O	MQLVDRVRGAVTGMSRRLVVGAVGAALVSGLVGAVGGTATAGAFSRPGLPVEYLQVPSPSMGRDIKVQFQSGGANSPALYLLDGLRAQDDFSGWDINTPAFEWYDQSGLSVVMPVGGQSSFYSDWYQPACGKAGCQTYKWETFLTSELPGWLQANRHVKPTGSAVVGLSMAASSALTLAIYHPQQFVYAGAMSGLLDPSQAMGPTLIGLAMGDAGGYKASDMWGPKEDPAWQRNDPLLNVGKLIANNTRVWVYCGNGKPSDLGGNNLPAKFLEGFVRTSNIKFQDAYNAGGGHNGVFDFPDSGTHSWEYWGAQLNAMKPDLQRALGATPNTGPAPQGA	fold5_WT_idx008283	test
l-alanine	O=c1nc([O-])ccn1[C@@H]1O[C@H](COP(=O)([O-])OP(=O)(O)O[C@H]2O[C@H](CO)[C@H](O)[C@H](O)[C@H]2O)[C@@H](O)[C@H]1O.[Na+].[Na+]	MFKISIILPTYNVEQYIARAIESCINQTFKDIEIIVVDDCGNDNSINIAKEYSKKDKRIKIIHNEKNLGLLRARYEGVKVANSPYIMFLDPDDYLELNACEECIKILDEQDEVDLVFFNAIVESNVISYKKFDFNSGFYSKKEFVKKIIAKKNLYWTMWGKLIRKKLYLEAFASLRLEKDVKINMAEDVLLYYPMLSQAQKIAYMNCNLYHYVPNNNSICNTKNEVLVKNNIQELQLVLNYLRQNYILNKYCSVLYVLIKYLLYIQIYKIKRTKLMVTLLAKINILTLKILFKYKKFLKQC	fold5_WT_idx008875	test
atp	C[S+](CC[C@H](N)C(=O)[O-])C[C@H]1O[C@@H](n2cnc3c(N)ncnc32)[C@H](O)[C@@H]1O	MIPVTATLIRHRLRHLRHRIRFKSTSVSPFHLPLNHPTYLIWSANTSLGKTLVSTGIAASFLLQQPSSSATKLLYLKPIQTGFPSDSDSRFVFSKLDSLSLRRQIPISISNSVLHSSLPAAKSLGLNVEVSESGMCSLNFRDEKTVTGAPELLCKTLYAWEAAISPHLAAERENATVEDSVVLQMIEKCLKEEMECGVKSEKSDLLCLVETAGGVASPGPSGTLQCDLYRPFRLPGILVGDGRLGGISGTIAAYESLKLRGYDIAAVVFEDHGLVNEVPLTSYLRNKVPVLVLPPVPKDPSDDLIEWFVESDGVFKALKETMVLANLERLERLNGMAKLAGEVFWWPFTQHKLVHQETVTVIDSRCGENFSIYKASDNSSLSQQFDACASWWTQGPDPTFQAELAREMGYTAARFGHVMFPENVYEPALKCAELLLDGVGKGWASRVYFSDNGSTAIEIALKMAFRKFCVDHNFCEATEEEKHIVVKVIALRGSYHGDTLGAMEAQAPSPYTGFLQQPWYTGRGLFLDPPTVFLSNGSWNISLPESFSEIAPEYGTFTSRDEIFDKSRDASTLARIYSAYLSKHLQEHSGVRQSAHVGALIIEPVIHGAGGMHMVDPLFQRVLVNECRNRKIPVIFDEVFTGFWRLGVETTTELLGCKPDIACFAKLLTGGMVPLAVTLATDAVFDSFSGDSKLKALLHGHSYSAHAMGCATAAKAIQWFKDPETNHNITSQGKTLRELWDEELVQQISSHSAVQRVVVIGTLFALELKADASNSGYASLYAKSLLIMLREDGIFTRPLGNVIYLMCGPCTSPEICRRLLTKLYKRLGEFNRT	fold5_WT_idx009431	test
cyclohexanone	O=C(CO)[C@@H](O)[C@H](O)CO	MAEHAPRRCCLGWDFSTQQVKVVAVDAELNVFYEESVHFDRDLPEFGTQGGVHVHKDGLTVTSPVLMWVQALDIILEKMKASGFDFSQVLALSGAGQQHGSIYWKAGAQQALTSLSPDLRLHQQLQDCFSISDCPVWMDSSTTAQCRQLEAAVGGAQALSCLTGSRAYERFTGNQIAKIYQQNPEAYSHTERISLVSSFAASLFLGSYSPIDYSDGSGMNLLQIQDKVWSQACLGACAPHLEEKLSPPVPSCSVVGAISSYYVQRYGFPPGCKVVAFTGDNPASLAGMRLEEGDIAVSLGTSDTLFLWLQEPMPALEGHIFCNPVDSQHYMALLCFKNGSLMREKIRNESVSRSWSDFSKALQSTEMGNGGNLGFYFDVMEITPEIIGRHRFNTENHKVAAFPGDVEVRALIEGQFMAKRIHAEGLGYRVMSKTKILATGGASHNREILQVLADVFDAPVYVIDTANSACVGSAYRAFHGLAGGTDVPFSEVVKLAPNPRLAATPSPGASQVYEALLPQYAKLEQRILSQTRGPPE	fold5_WT_idx009584	test
l-arabitol	N=C(O)c1ccc[n+]([C@@H]2O[C@H](COP(=O)([O-])O)[C@@H](O)[C@H]2O)c1	MTLAARLKQEFVSGWKPFEVVWLALFIIAQIWAYVQTPDSWLAMISGISGILCVVLVSKGKISNYFFGLIFAYTYFYVAWGSNFLGEMNTVLYVYLPSQFIGYFMWKANMQNSDGGESVIAKALTVKGWMTLIVVTTVGTLLFVQALQAAGGSSTGLDGLTTIITVAAQILMILRYREQWLLWIGLNILSIFLWAETPAIYLMYSAYLLNSLYGYYNWTKLVKRTN	fold5_WT_idx009673	test
d-mannuronate	N=C(O)CC[C@@H](N)C(=O)O	MAELKFKTKAQNLKNLQTKLKKAKVLPLVLTSLEELISNEDKVLQDIQTLKANRLIIRSSSLSEDSMKNSNAGAFLSLANIKADSKDELLKALYEVANSMPSKSDEILVQPMLENITLCGVGFSVDKDNFSPYFCLQYDENGSNSSITDGSSKSAKTYYHYRNYLEFKDIRLQKIIELIKELEVLYDCHFLDVEFAFAIQDDKEELFCLQVRPLVMHEKNNLFHSLPKEALYRFYKRFESLKESRSRVLGDKAIFGVMPDWNPAEIIGLRPKRLAFSLYKEIITDNIWAYQRDNYGYRDLRSHPLIHSFLGIPYVDVRLSFNSFIPKKLDENIAQKLVNFYLDKLNKNHELHDKIEFNIVYSCYDFNSSKKLEELLNHGFNENEIKRLEFSLLELTNKIINPRSGFYLKDIQKAYKLKERYDGIINSNFSLIDKIYWLIEECKRYGTLPFAGVARAAFVAMQLLNSLVEIDFITKEEKDDFLNSLNTVSKNLSKQTNHLNFHNKDQFLKDFGHLRAGTYNILSPRYDEDFELYFDADQKDSKVYLQDKAFVFSKEKTRALNALLKEHGLEINACEFFDFLKQAIEGRELVKFEFTRLLSKAIVYIEELGKYYDIEKEDLAHLDIKSILNLYSSLYSINPKEQFIEEINRNKKEYELTQAIKLPSLLCNADEIFSFYNHSIIPNFITQKSITAFTAKENDKDLEGKIVLIYAADPGYDYLFTKNIAGLITCYGGANSHMAIRASELGMPAVIGVGEENFEKYLKAKKINIECESEQIFCL	fold5_WT_idx009914	test
nad+	CCCC(=O)Oc1ccc([N+](=O)[O-])cc1	MPSGENQFYVDKPSRGENYGAYVADELVEFTRKMFPLSYKKEDTFIAGLSMGGYGALINGLKYHETFSHIGAFSPGLMIDDIASRSELLSVTGWSMDFYGNSFGGIDTIKNSDKDYYYLIDQLLENKKEIPKIYLPIGTDDFLLESVRGFKSFVDKREVPLTYIEDDGGHEWDFWDKYVKNFLEWLPLEEKGNYLNSGNVAEHGFRDADAQKAQAALVAWFEETLKK	fold5_WT_idx010640	test
5beta-androstane-3beta,17beta-diol	O=[N+]([O-])c1ccc(OP(=O)(O)O)cc1	MGFLRNRIVGITLAGAVALGSAGTGSAAMETAKKKEEPKVKNVIMMVMDGTSSSAPTLARWYKGEPLAMDQIVSGGVRTYSAESAITDSAPAATAMATGRKSNSSYIGVLPSKVNTPGVEKVREKDHYRPVANVLEGAKQKGKATGIIATSEIQHATPAGYSGHHKDRNNFEVLGEQQVYQNMDVVLGGGKESLQPGTKDKSREDGEDLVKVLKDKKYDFVETKDQLLKSKSKKIWGAFSQRDLAYDMDRRATHPEQPTIAEMTKKSIQTLSKDKDGFFLFVEGSKPDWAAHQNDPIGMISDVLAFDNAVKEALDFAKKDKHTMVIAVSDHGNSGISIGNSNTTKGYDTTPVSAYVDPLKKAKMTVEGATGKLKDDLSNIEEAAKLYGLDDLTPAEKEQLKSVKNKKEAASLFTKLLSNRANIGFTTGGHTGEDVFLYSYGPEKPQGLVENTDIAKTMAKAMGFNLDKLTNELFIEAKQAFKKAGASVTIDQKDPANPVLVAARKKAKAEMPVNKNIIRINGKEYELDSVIVESNGSFYVPKEAVQLFKKYAR	fold5_WT_idx010724	test
5beta-dihydrotestosterone	O=[N+]([O-])c1ccc(OP(=O)(O)O)cc1	MPHQNRQGRWCRKGWAVVALTGSMSWMPLANAAEIKNVILMIGDGMGPQQVGMLETYANRAPDSIYQGRSTALYQLAKEGVVGASLTHPEDAVVVDSACSATQLSTGIFTGGEVIGIDSEGNRVETVLELAKRVGKATGLVSDTRLTHATPAAFAAHQPHRSLENAIAEDMLMTGPDVMLSGGLRHFVPYSVSEPGESAGSVETLMQGAWSPTSKRKDERNLLQEAADQGYGLAFTRDQMAALNGTKVLGLFANSGMADGISFRDSHDDPQRQQPTLHEMTQKALSMLEQDDDGFFLMVEGGQIDWAAHSNDAGTMLNELIKFDEAVQGVFDWARDRDDTIILVTADHETGAFGFSYSSANLPAAQKKSGPAFADQDYAPNFNFGDFSILDSLYEQKQTYYELLSDFEALPQGERTPARLMAAVNGNSDFQITEAQAAEVLANKPNPYHVDGHSYLGVSEVPAVHDFDAFFPYNDRGNLLARALATQQNTVWGTGTHTHTPVNVFAWGPANDILPVSSILHHSEIGQYLKTVVAK	fold5_WT_idx010725	test
nadh	Cc1cc(=O)oc2c(F)c(OP(=O)(O)O)c(F)cc12	MPPSPLDDRVVVALSRPVRPQDLNLCLDSSYLGSANPGSNSHPPVIATTVVSLKAANLTYMPSSSGSARSLNCGCSSASCCTVATYDKDNQAQTQAIAAGTTTTAIGTSTTCPANQMVNNNENTGSLSPSSGVGSPVSGTPKQLASIKIIYPNDLAKKMTKCSKSHLPSQGPVIIDCRPFMEYNKSHIQGAVHINCADKISRRRLQQGKITVLDLISCREGKDSFKRIFSKEIIVYDENTNEPSRVMPSQPLHIVLESLKREGKEPLVLKGGLSSFKQNHENLCDNSLQLQECREVGGGASAASSLLPQPIPTTPDIENAELTPILPFLFLGNEQDAQDLDTMQRLNIGYVINVTTHLPLYHYEKGLFNYKRLPATDSNKQNLRQYFEEAFEFIEEAHQCGKGLLIHCQAGVSRSATIVIAYLMKHTRMTMTDAYKFVKGKRPIISPNLNFMGQLLEFEEDLNNGVTPRILTPKLMGVETVV	fold5_WT_idx010811	test
nadph	N[C@H]1[C@H](O)[C@@H](COP(=O)(O)O)OC(O)[C@@H]1O	MLLSKKSEYKTLSTVEHPQYIVFCDFDETYFPHTIDEQKQQDIYELEDYLEQKSKDGELIIGWVTGSSIESILDKMGRGKFRYFPHFIASDLGTEITYFSEHNFGQQDNKWNSRINEGFSKEKVEKLVKQLHENHNILLNPQTQLGKSRYKHNFYYQEQDEINDKKNLLAIEKICEEYGVSVNINRCNPLAGDPEDSYDVDFIPIGTGKNEIVTFMLEKYNLNTERAIAFGDSGNDVRMLQTVGNGYLLKNATQEAKNLHNLITDSEYSKGITNTLKKLIGS	fold5_WT_idx010869	test
3-phosphohydroxypyruvate	O=[N+]([O-])c1ccc(OS(=O)(=O)O)cc1	MQKISIIFNLFLSLGCLAFTFNGSASETKNEWITLGTMAGPIPNAKHSQPANAMLVNGNTYVVDAGDGTAGQLAKVGLDIKNVDAVFLSHLHFDHTGGLPAILSLRWQTSARNELVVYGPPGTQQTVDGIFEYMTYGTLGHYGVPGQVPAPANTNIKVVEVEDGTQLKLPDFTVDVIRNSHYSWPKGSEEWKKFQALSFKFSLQDYTVVYTGDTGPSSAVEKLSSGVDLLVSEMMDIDHTVNMIKETNPQMPKGKFIGIHKHLSKHHLSPKQVGELAKAANVGSLVITHMAPGLDTQAEIDFYTKQVASEYKGPISVAQDLNRYELKR	fold5_WT_idx010919	test
nad+	CCOP(=S)(OCC)Oc1nc(Cl)c(Cl)cc1Cl	MQPKIYWIDNLRGIACLMVVMIHTTTWYVTNAHSVSPVTWDIANVLNSASRVSVPLFFMISGYLFFGERSAQPRHFLRIGLCLIFYSAIALLYIALFTSINMELALKNLLQKPVFYHLWFFFAIAVIYLVSPLIQVKNVGGKMLLVLMAVIGIIANPNTVPQKIDGFEWLPINLYINGDTFYYILYGMLGRAIGMMDTQHKALSWVSAALFATGVFIISRGTLYELQWRGNFADTWYLYCGPMVFICAIALLTLVKNTLDTRTIRGLGLISRHSLGIYGFHALIIHALRTRGIELKNWPILDIIWIFCATLAASLLLSMLVQRIDRNRLVS	fold5_WT_idx010927	test
d-mannitol	NC1C(O)O[C@H](CO)C(O[C@@H]2O[C@H](CO)C(O[C@@H]3O[C@H](CO)[C@@H](O)[C@H](O)[C@H]3N)[C@H](O)C2N)C1O	MRYLATAAVLAGAGLASAYSVPANLQQIYNKHKTGTCQNKLQDGFSDGISGPGTSAYCGDIQGAIFLHSSANGGQYDNMDIDCDGANNSGGDCANDPSGQSMTAFMDTVKQYGISDLDANIHPYVVFGNSGSSPTFDPQQYGMQPLSVMAVVCNNQLFYGVWGDTNGDIATGEASISLAKLCFPNDGITGDNGHDQDDVLYIGFTGQDTVPGASAAWTASDTSTFEESIKGLGDRLVAKLSA	fold5_WT_idx011003	test
pyruvate	OC[C@H]1O[C@@](CO)(OC[C@@]2(O[C@H]3O[C@H](CO)[C@@H](O)[C@H](O)[C@H]3O)O[C@H](CO)[C@@H](O)[C@@H]2O)[C@@H](O)[C@@H]1O	MISPLLKTLPLLAAVYAAELDLPNLSALNKRQDNSSASTECSLDQTVAPGNLTLCGNATLFTTFRPKARFIAPEGWMNDPMGLYQRADGSIHAGYQSHPKHIQWGNISQGAAYSSDFTSWTDFNGSEGYKTIWPSQIYDIRGVFDGSIIKEGIDGYPTILYTSTSFGPLGATLNEAEGTETQSLAYTTDDGASWIKLGYGAGQNPVIYEWPETNLTGFRDPYVFQSPRLEALLANTTSITNATGDHFATISGGVHGDGARLFLYRQHTTGEFIKWTYLGPLVTTGYKESYGEWSGNYGINFETAGVTRLNPAGAAWDNGSDTTAVDFVTFGTEQGRADHQNHWPLWAAVDYEVRDNGSIEAVIAYSGVQDWGRSYAYASFPVEGYRQVSVGWIYEDDDNVILAKQFGYQGAFTLFRDLFVKVVENVSPSTPGLFEQASWSTKNSTDGMSVTVTTLGQRVVPETLAAYKGNSTVSTLAPVMLNESAAAYTPFSSQPTDRFYALTGSFEFGLNTTAKAGFRVLASEEEYTDIWFDPASENLTVVRTASSLIKSFGNDTELAKVKLYEIVGAESKTLNLTVFVDGSVIEIYANDEVALSTRAYPWLANSTGAGLLADGTTAGDVVGVSGLELWDGLVDAWPARPANTSQGLVWDGPTAAMYGLFAGY	fold5_WT_idx011243	test
h2o2	OC[C@H]1O[C@@H](OC2[C@@H](CO)O[C@H](O)[C@H](O)[C@H]2O)[C@H](O)[C@@H](O)C1O[C@@H]1O[C@H](CO)[C@@H](O)[C@H](O)[C@H]1O	ASSFEWFGSNESGAEFGSGNIPGVEGTDYTFPNTTAIQILIDAGMNIFRVPFLMERMIPTEMTGSLDTAYFEGYSEVINYITGKGAHAVVDPHNFGRYYGTPISSTSDFQTFWSTLASQFKSNDLVIFDTNNEYHDMDESVVVALNQAAIDGIRDAGATTQYIFVEGNAYSGAWTWTTYNTAMVNLTDPSDLIVYEMHQYLDSDGSGTSDQCVSSTVGQERVVDATTWLQSNGKLGILGEFAGGANSVCEEAVEGMLDYLAENSDVWLGASWWSAGPWWQDYIYSMEPPNGIAYESYLSILETYF	fold5_WT_idx011307	test
reactive blue 5	CC(O)=N[C@H]1C(O)O[C@H](CO)[C@@H](O[C@@H]2O[C@H](CO)[C@H](O)[C@H](O)[C@H]2O)[C@@H]1O[C@@H]1O[C@@H](C)[C@@H](O)[C@@H](O)[C@@H]1O	MKVRAIKSFLATTMAMTFLVSMGQGSILTKANTINNMKYVTEAFGAIPTEEQVSYQKEELTAFIHFGVNTFTGREWGDGTENPEIFNPTNLDADQWVKTLADAGFGRVILTAKHHDGFCLWDSAYTKHDVASSPWKNGKGDVVKEVSEACAKYNIKFGVYLSPWDQNSEHYGEGNGGDYNEFYMNQLRELLTNYGPIAEVWMDGAKGSNVKQEYNFEEWFALIKELQPECLIFSPQGPDIRWIGNEKGYAGEPCWSTIDIEKMKERENPTYLNNGEEGGSDWVVGESDVSIRPGWFYHESQDNEVKSLEKMMDIYFKSIGRNSVLLLNVPPNKEGKLHENDVNRLKEFGETIKELFNDDLALNKEVIVDSFANRDETYGANKIVDGDYDTYWAPDNSSKTGTIEIDLGGSKEFDVISLQEYIPLGQRVSSFNIEVLQGENWNKVYEGKTIGYKRLIRISPTKGEKIRINITGSLEVPLINNVGVYKQPISIELPSGPPAGLKVLNDDNKGNELEQFNFSDGWVYETIHGENDLGGDAHYTSKTNATVNIKFNGTKFFLSGTKDSGHGIMEISIDGENPVEVDLYSPNRKCKEIVFESEDLSDGEHEVTVKCTGRKNSSSRGTAAHIDGAYVLDNGGKGMVEFEKVGYEVSENIGTATFKVIRKGGSNGKLEVNYDTLAGTALNGVDYQTWSGTLAFNEGETEKTFDITIIDDKEKEEPKEFYLKLSDPIGGILGFNSRATVTINDDEQIKIETKDTGDGLHQFNFSGGWNKETDGAWTNNMNSTFSIKFRGKQISLIGAKDPNHGIYEISIDGGEFVEVDAYAESRVTNQVIYESEVLTSGEHILNFRLKGENPHGGRADGQLNYALVDTSEDNLVEPEMPTTDLNKDGKVDIGDLSLASKHYGENIKEYDINGDGVIDEFELNSITNDILK	fold5_WT_idx011331	test
isoeugenol	C[C@H](N)C(O)=N[C@@H](C)C(O)=N[C@@H](C)C(O)=N[C@@H](C)C(=O)O	MKKVSTLDLLFVAIMGVSPAAFAADLIDVSKLPSKAAQGAPGPVTLQAAVGAGGADELKAIRSTTLPNGKQVTRYEQFHNGVRVVGEAITEVKGPGKSVAAQRSGHFVANIAADLPGSTTAAVSAEQVLAQAKSLKAQGRKTENDKVELVIRLGENNIAQLVYNVSYLIPGEGLSRPHFVIDAKTGEVLDQWEGLAHAEAGGPGGNQKIGKYTYGSDYGPLIVNDRCEMDDGNVITVDMNSSTDDSKTTPFRFACPTNTYKQVNGAYSPLNDAHFFGGVVFKLYRDWFGTSPLTHKLYMKVHYGRSVENAYWDGTAMLFGDGATMFYPLVSLDVAAHEVSHGFTEQNSGLIYRGQSGGMNEAFSDMAGEAAEFYMRGKNDFLIGYDIKKGSGALRYMDQPSRDGRSIDNASQYYNGIDVHHSSGVYNRAFYLLANSPGWDTRKAFEVFVDANRYYWTATSNYNSGACGVIRSAQNRNYSAADVTRAFSTVGVTCPSAL	fold5_WT_idx011549	test
scopoletin	CC(=O)C=O	MTTVMNDKHPTPDPAEDNAFFPSAYSLSQFTASKSDLSGAHYPTPYQGGRWKILVVGADERYLMMDNGTFFSTGNHPVETLLPMYHLDKAGFSFDIATLSGNPVKFEWWAMPREDQEVNGLYSKYQSSFRQPLKLSDVIETALGEDSDYIGVFIPGGHGALMGLPDSQEVKAVLQWAMKQNKFIISLCHGPAAFLAVGDDPLFAGYKIVAFPDEMDAQTPSIGYMPGHLTWKFGEQLQAIGFELLNTGISGQVFQDRKMLTGDSPLAGNALGQLAAKALLAEVEQK	fold5_WT_idx011610	test
l-ornithine	CC(O)=N[C@@H](CCCN)C(=O)O	MASSSKALIESIGSLDKDSYVSLLSKLIGESKFVQNNPPELIPQEDLIVKHVLDSLRPYSTETGGGPLVINHVAYHSGRGNLIVEYPGSVPGKILSFVGMHMDVVTANPDDWEFDPFSLSIDGDKLRGRGTTDCLGHVALVTELMKKLGQAKPALKSTVVAVFIASEENSSIPGVGVDMLVKDKLLDKLKSGPLYWIDTADKQPCVGTGGMIPWKLQFTGKLFHSGLAHKAINAMELAMEGLKEIQARFYRDFPPHPQEEVYGFATPSTMKPTQWCYPAGGINQIPGECTVSGDVRLTPFYDVKEVITKLQEYVDDINGNIERLETRGPVSKYVLPDENLRGRLTLSFDEASAGVACNLDSPGFHVLCKATEEVVGHVKPYSITGTLPLIRDLQDEGFDVQTSGYGLMATYHAKNEYCLLTDMCQGFDVFIRIISQLEQV	fold5_WT_idx011664	test
acetyl-coa	N=c1nc(O)c2ncn([C@@H]3O[C@H](COP(=O)(O)OP(=O)(O)OP(=O)(O)O)[C@@H](O)[C@H]3O)c2[nH]1	MNAIADVQSSRDLRNLPINQVGIKDLRFPITLKTAEGTQSTVARLTMTVYLPAEQKGTHMSRFVALMEQHTEVLDFAQLHRLTAEMVALLDSRAGKISVSFPFFRKKTAPVSGIRSLLDYDVSLTGEMKDGAYGHSMKVMIPVTSLCPCSKEISQYGAHNQRSHVTVSLTSDAEVGIEEVIDYVETQASCQLYGLLKRPDEKYVTEKAYENPKFVEDMVRDVATSLIADKRIKSFVVESENFESIHNHSAYAYIAYP	fold5_WT_idx012211	test
pyruvate	Nc1ncnc2c1ncn2[C@@H]1O[C@H](COP(=O)(O)OP(=O)(O)OP(=O)(O)O)[C@@H](O)[C@H]1O	MISASRAAAARLVGAAASRGPTAARHQDSWNGLSHEAFRLVSRRDYASEAIKGAVVGIDLGTTNSCVAVMEGKQAKVLENAEGARTTPSVVAFTADGERLVGMPAKRQAVTNPNNTFYATKRLIGRRYDDPEVQKDIKNVPFKIVRASNGDAWVEAHGKLYSPSQIGAFVLMKMKETAENYLGHTAKNAVITVPAYFNDSQRQATKDAGQISGLNVLRVINEPTAAALAYGLDKSEDKVIAVYDLGGGTFDISILEIQKGVFEVKSTNGDTFLGGEDFDQALLRHIVKEFKRETGVDLTKDNMALQRVREAAEKAKCELSSSVQTDINLPYLTMDSSGPKHLNMKLTRAQFEGIVTDLIRRTIAPCQKAMQDAEVSKSDIGEVILVGGMTRMPKVQQTVQDLFGRAPSKAVNPDEAVAIGAAIQGGVLAGDVTDVLLLDVTPLSLGIETLGGVFTKLINRNTTIPTKKSQVFSTAADGQTQVEIKVCQGEREMAGDNKLLGQFTLIGIPPAPRGVPQIEVTFDIDANGIVHVSAKDKGTGREQQIVIQSSGGLSKDDIENMVKNAEKYAEEDRRKKERVEAVNMAEGIIHDTETKMEEFKDQLPADECNKLKEEISKMRELLARKDSETGENIRQAASSLQQASLKLFEMAYKKMASEREGSGSSGTGEQKEDQKEEKQ	fold5_WT_idx012488	test
5,10-methenyltetrahydrofolate	O=Cc1ccccc1	MRNPGASFLIKHFLVLSLFLCAGTAHNPPEIVRHIVFNRYKSQLSQKQIDQIIADYGNLQNIAPEMKEWKWGTDLGPAVEDRADGFTHAYESTFHSVADFLNFFYSPPALEFAKEFFPACEKIVVLNYIINETFPYTWALPNKYVVT	fold5_WT_idx012783	test
5,5'-dithio-bis(2-nitrobenzoic acid)	CC(=O)C=O	MTVQTSKNPQVDIAEDNAFFPSEYSLSQYTSPVSDLDGVDYPKPYRGKHKILVIAADERYLPTDNGKLFSTGNHPIETLLPLYHLHAAGFEFEVATISGLMTKFEYWAMPHKDEKVMPFFEQHKSLFRNPKKLADVVASLNADSEYAAIFVPGGHGALIGLPESQDVAAALQWAIKNDRFVISLCHGPAAFLALRHGDNPLNGYSICAFPDAADKQTPEIGYMPGHLTWYFGEELKKMGMNIINDDITGRVHKDRKLLTGDSPFAANALGKLAAQEMLAAYAG	fold5_WT_idx012957	test
sulfite	N[C@H](CCC(=O)O)C(=O)O	MTISFLLRSCLRSAVRSLPKAALIRNTSSMTEGLQPASVVVLPRSLAPAFESFCQGNRGPLPLLGQSEAVKTLPQLSAVSDIRTICPQLQKYKFGTCTGILTSLEEHSEQLKEMVTFIIDCSFSIEEALEQAGIPRRDLTGPSHAGAYKTTVPCATIAGFCCPLVVTMRPIPKDKLERLLQATHAIRGQQGQPIHIGDPGLLGIEALSKPDYGSYVECRPEDVPVFWPSPLTSLEAVISCKAPLAFASPPGCMVMVPKDTASSASCLTPEMVPEVHAISKDPLHYSIVSAPAAQKVRELESTIAVDPGNRGIGHLLLKDELLQAALSLSHARSVLVTTGFPTHFNHEPPEETDGPPGAIALAAFLQALGKETAMVVDQRALNLHMRIVEDAIRQGVLKTPIPILTYQGRSMEDARAFLCKDGDPKSPRFDHLVAIERAGRAADGNYYNARKMNIKHLVDPIDDIFLAAQKIPGISSTGVGDGGNELGMGKVKAAVKKHIRNGDVIACDVEADFAVIAGVSNWGGYALACALYILNSCQVHERYLRRATGPSRRAGEQSWIQALPSVAKEEKMLGILVENQVRSGVSGIVGMEVDGLPFHDVHAEMIRKLVGATTVHM	fold5_WT_idx013015	test
(r)-reticuline	CC(C)=CCC/C(C)=C/CC/C(C)=C/CC/C(C)=C/COP(=O)(O)OP(=O)(O)O	MTDPAVTPLAFSIPQLYCPFPTAIHPEVDTLTRAGMDFMTHHGFCNTEADRLVVANIDAGAIVARWYPNPDFPVDRLQMVTDFLYLYFLIDDLRFEVINSDTGLAGPIALFAQHLDLWEYPQAHRREELDLFHQAIHDLASRMAELTTPTKAARMRRSINGWFLALLREIALFNDDHAVMAEEYLPIRVVTVASRLMIDVNGFICPAEVPGDEWYSLKVQAAAEAAMSVCLYDNELYSAGKEQWLKSRATAHDRRPRNLVALIQAQTGGSTEHALQEVAEYRNRTVCLYLNLRSQLEKTASPALLAYLSVLDGVISGNLDAHATSSRYHNPDGHHPHAIAFTPLRTTDECSARAHTPIAPPIAWWWEQLDQ	fold5_WT_idx013120	test
l-gln-l-glu	OC1OC[C@H](O)[C@H](O)[C@H]1O	MTKLSFIEQGLRVLDIERQALFDIKQYVDDNFHQACQLMYDCSGRIIIIGMGKSGHIGHKIAATLASTGSPAFFVHPGEASHGDLGMITKNDVVMLISNSGETSEVLNIIPVLKRLGAKIISMTGNTQSTMATLANVHVCIKVEKEACSLGLAPTASTTATLAMGDAMAVALLEARGFTADDFALSHPGGSLGKRLLLTLKDVMHSGVNTPIITTSQTIKDALIEMTAKGLGMTAIVDDNQQLAGLFTDGDLRRILEQRVDIHTTSIDAVMTKSCTTATQDMLAAQALNIMEHKRINGLIIINEHNQPIGALNMQDLLKAGVL	fold5_WT_idx013620	test
d-glycerate	N[C@@H](Cc1ccc(O)cc1)C(=O)O	MGDAPSPEEKLHLITRNLQEVLGEEKLKEILKERELKVYWGTATTGKPHVAYFVPMSKIADFLKAGCEVTILFADLHAYLDNMKAPWELLELRTSYYENVIKAMLESIGVPLEKLKFIKGTDYQLSKEYTLDVYRLSSVVTQHDAKKAGAEVVKQVEHPLLSGLLYPGLQALDEEYLKVDAQFGGVDQRKIFTFAEKYLPALGYSKRVHLMNPMVPGLTGSKMSSSEEESKIDLLDRKEDVKKKLKKAFCEPGNVENNGVLSFIKHVLFPLKSEFVILRDEKWGGNKTYTVYLELEKDFAAEVVHPGDLKNSVEVALNKLLDPIREKFNTPALKKLASAAYPDPPKQKPTAKGPAKNSEPEEIIPSRLDIRVGKIVSVEKHPDADSLYVEKIDVGEAEPRTVVSGLVQFVPKEELQDRLVVVLCNLKPQKMRGVDSQGMLLCASIEGVSRQVEPLDPPEGSAPGERVFVKGYEKGQPDEELKPKKKVFEKLQADFRISEECIAQWKQTNFMTKLGCISCKSLKGGNIS	fold5_WT_idx013778	test
5-phospho-alpha-d-ribose 1-diphosphate	O=C([O-])CCC(=O)[O-]	MNKGENMNLEMWVQNISATFPWYAQLLRDKQADLSRLESLPLITEELLTQHYYHAENSFPGEHHSYLTSGTTSGKRKRIFYSDNDQRIYLQQRMDIIRDFCGEGHTRACADLGTGHAAATAGEIFQAMGCDVELIDFTRPIEQHIEVLNRFKPDIFFTMPMILDSLIATGKLDFQPKRIILLGDVASLNWQNKVADYFHIQPAQVLDLFGSIEIGSIAFYNHAQKRYQFDSYVRPEVVPVQSLYPGAKYGGDGGILLLTSFAREYFPAVRFVTNDLIEGFAQENVGGRTVYTYQRCLGRFAGEFKHGEKINLSDISDALANNLPYHKYDLADHEGGLVIRIAAKSIPTEVIEAIKHDLLARNPDIAQMISSGLVGDIRIQCVDAQEITGNVSKRRY	fold5_WT_idx014100	test
l-tryptophan	COC1=C(OC)C(=O)C(CC=C(C)C)=C(C)C1=O	MLVKFRKCGQANIFRSISNVRKIYNVAKNNLKNNKDIERKEKIIILGSGWGGFNFLLNIDFKKYDVTLISPRNYFTFTPLLPCLCSGTLSVNVCTESIRNFLRKKNGYCGNYLQLECTDVFYEDKYINCIDIENNKVKLFYDYLIIAVGAKTNTFNINGVDKYAYFVKDIDDALKIRKKFLDILEKCTLPNISNEEKKKMLHVAVVGGGPTGVEVTAEFADFINKEVKINYKDIFNFISISIIEGGNNLLPTFTQNISDFTKENFHNLNINVLTNYYVIDVDKHSFHIQSSLNKNEKKKLSYGLLIWASGLAQTTLIQKFLKTIPVQANNAILKVDEKLRVIGIPSNNIYAIGDCKKIQPKLLHEHTNEIIKILTGNKLTSEALKLKQSELTKTFPQLSISKWDYEKNKKGEMTPQQFHDYLFEIDKNYKSPTPTAQNAKQEAYYLSNVFNNFIHTNQKFNIPSFIEKWKGSLAYIGNHQVVADLPYYELKGGRFSSTFWKVVYIQLLLSWKSRFHFFIDFIKTKWYGRPFIK	fold5_WT_idx014150	test
validamine 7-phosphate	O=[N+]([O-])c1ccc(OP(=O)(O)O)cc1	MVKDTYISSASKTPPMERTVRVTGMTCAMCVKSIETAVGSLEGVEEVRVNLATETAFIRFDEKRIDFETIKRVIEDLGYGVVDEQAAVSAEVEHLSRMKRKLYVAAFAGVLLLFLAHFISLPYEDFVQLLIALPAIFYSGSSIFKAAFSALRRRTLNMDVMYSMGVGAAFLASVLSTAGVLPREYSFYETSVLLLAFLLLGRTLEARAKSRTGEAIKKLVGLQAKTAVVIRDGKEIAVPVEEVAVGDIVIVRPGEKIPVDGVVVEGESYVDESMISGEPVPVLKSKGDEVFGATINNTGVLKIRATRVGGETLLAQIVKLVEDAMGSKPPIQRLADKVVAYFIPTVLLVAISAFIYWYFIAHAPLLFAFTTLIAVLVVACPCAFGLATPTALTVGMGKGAELGILIKNADALEVAEKVTAVIFDKTGTLTKGKPEVTDLVPLNGDERELLRLAAIAERRSEHPIAEAIVKKALEHGIELGEPEKVEVIAGEGVVADGILVGNKRLMEDFGVAVSNEVELALEKLEREAKTAVIVARNGRVEGIIAVSDTLKESAKPAVQELKRMGIKVGMITGDNWRSAEAISRELNLDLVIAEVLPHQKSEEVKKLQAKEVVAFVGDGINDAPALAQADLGIAVGSGSDVAVESGDIVLIRDDLRDVVAAIQLSRKTMSKIKQNIFWALIYNVILIPAAAGLLYPIFGVVFRPEFAGLAMAMSSVSVVANSLLLRNYVPPIRRGGDSVEKIVLELSGLSCHHCVARVKKALEEAGAKVEKVDLNEAVVAGNKEDVDKYIKAVEAAGYQAKLRS	fold5_WT_idx014157	test
2-methyl-1-(2,4,6-trihydroxyphenyl)propan-1-one	Nc1ncnc2c1ncn2[C@@H]1O[C@H](COP(=O)(O)OP(=O)(O)OP(=O)(O)O)[C@@H](O)[C@H]1O	MVKDTYISSASKTPPMERTVRVTGMTCAMCVKSIETAVGSLEGVEEVRVNLATETAFIRFDEKRIDFETIKRVIEDLGYGVVDEQAAVSAEVEHLSRMKRKLYVAAFAGVLLLFLAHFISLPYEDFVQLLIALPAIFYSGSSIFKAAFSALRRRTLNMDVMYSMGVGAAFLASVLSTAGVLPREYSFYETSVLLLAFLLLGRTLEARAKSRTGEAIKKLVGLQAKTAVVIRDGKEIAVPVEEVAVGDIVIVRPGEKIPVDGVVVEGESYVDESMISGEPVPVLKSKGDEVFGATINNTGVLKIRATRVGGETLLAQIVKLVEDAMGSKPPIQRLADKVVAYFIPTVLLVAISAFIYWYFIAHAPLLFAFTTLIAVLVVACPCAFGLATPTALTVGMGKGAELGILIKNADALEVAEKVTAVIFDKTGTLTKGKPEVTDLVPLNGDERELLRLAAIAERRSEHPIAEAIVKKALEHGIELGEPEKVEVIAGEGVVADGILVGNKRLMEDFGVAVSNEVELALEKLEREAKTAVIVARNGRVEGIIAVSDTLKESAKPAVQELKRMGIKVGMITGDNWRSAEAISRELNLDLVIAEVLPHQKSEEVKKLQAKEVVAFVGDGINDAPALAQADLGIAVGSGSDVAVESGDIVLIRDDLRDVVAAIQLSRKTMSKIKQNIFWALIYNVILIPAAAGLLYPIFGVVFRPEFAGLAMAMSSVSVVANSLLLRNYVPPIRRGGDSVEKIVLELSGLSCHHCVARVKKALEEAGAKVEKVDLNEAVVAGNKEDVDKYIKAVEAAGYQAKLRS	fold5_WT_idx014158	test
