pair_id,split,parameter,embedding,fold,set_name,comparison_group,sheet_name,seqid_threshold,source_partition,original_df_idx,ecnumber,organism,substrate_name,smiles,sequence,sequence_id,true_value,true_log10,true_unit,enzyme_type,assay_source,mutant_sites
fold5_MD_idx000909,test,kcat,esmc,5,fold5_seqid_leq_40,fold5_seqid,leq_40,40,MD,909,1.1.1.184,Homo sapiens,nadph,C[S+](CC[C@H](N)C(=O)[O-])C[C@H]1O[C@@H](n2cnc3c(N)ncnc32)[C@H](O)[C@@H]1O,MATIFSGGSVSPFLFHTNKGTSFTPKAPILHLKRSFSAKSVASVGTEPSLSPAVQTFWKWLQEEGVITAKTPVKASVVTEGLGLVALKDISRNDVILQVPKRLWINPDAVAASEIGRVCSELKPWLSVILFLIRERSREDSVWKHYFGILPQETDSTIYWSEEELQELQGSQLLKTTVSVKEYVKNECLKLEQEIILPNKRLFPDPVTLDDFFWAFGILRSRAFSRLRNENLVVVPMADLINHSAGVTTEDHAYEVKGAAGLFSWDYLFSLKSPLSVKAGQQVYIQYDLNKSNAELALDYGFIEPNENRHAYTLTLEISESDPFFDDKLDVAESNGFAQTAYFDIFYNRTLPPGLLPYLRLVALGGTDAFLLESLFRDTIWGHLELSVSRDNEELLCKAVREACKSALAGYHTTIEQDRELKEGNLDSRLAIAVGIREGEKMVLQQIDGIFEQKELELDQLEYYQERRLKDLGLCGENGDILGDLGKFF,seq_ecfd8d80f011f6af,0.003,-2.5228787452803374,s^(-1),wildtype,SABIO,
fold5_WT_idx001070,test,kcat,esmc,5,fold5_seqid_leq_40,fold5_seqid,leq_40,40,WT,1070,1.1.1.188,Bos taurus,nadph,CCn1c(=NN=c2sc3cc(S(=O)(=O)O)ccc3n2CC)sc2cc(S(=O)(=O)O)ccc21,GPSTDLVIGNKGFDGGIDSAILR,seq_83de11889cdd5a0d,592.0,2.77232170672292,s^(-1),wildtype,SABIO,
fold5_WT_idx001406,test,kcat,esmc,5,fold5_seqid_leq_40,fold5_seqid,leq_40,40,WT,1406,1.1.1.21,Sus scrofa,indole-3-acetaldehyde,N=C(N)NCCC[C@H](N)C(=O)O,MEEKEILWNEAKAFIAACYQELGKEEEVKDRLADIKSEIDLTGSYVHTKEELEHGAKMAWRNSNRCIGRLFWNSLNVIDRRDVRTKEEVRDALFHHIETATNNGKIRPTITIFPPEEKGEKQVEIWNHQLIRYAGYESDGERIGDPASCSLTAACEELGWRGERTDFDLLPLIFRMKGDEQPVWYELPRSLVIEVPITHPDIEAFSDLELKWYGVPIISDMKLEVGGIHYNAAPFNGWYMGTEIGARNLADEKRYDKLKKVASVIGIAADYNTDLWKDQALVELNKAVLHSYKKQGVSIVDHHTAASQFKRFEEQEEEAGRKLTGDWTWLIPPISPAATHIFHRSYDNSIVKPNYFYQDKPYE,seq_5f261369c533f3f8,0.001833333,-2.736758644188059,s^(-1),wildtype,SABIO,
fold5_WT_idx001645,test,kcat,esmc,5,fold5_seqid_leq_40,fold5_seqid,leq_40,40,WT,1645,1.1.1.27,Geobacillus stearothermophilus,nadh,N[C@@H](CC1(C(=O)O)C=CC(O)C=C1)C(=O)[O-],MLLHFSPAKPLISPPNLRRNSPTFLISPPRSLRIRAIDAAQIFDYETQLKSEYRKSSALKIAVLGFGNFGQFLSKTLIRHGHDLITHSRSDYSDAANSIGARFFDNPHDLCEQHPDVVLLCTSILSTESVLRSFPFQRLRRSTLFVDVLSVKEFPKALFIKYLPKEFDILCTHPMFGPESGKHSWSGLPFVYDKVRIGDAASRQERCEKFLRIFENEGCKMVEMSCEKHDYYAAGSQFVTHTMGRVLEKYGVESSPINTKGYETLLDLVENTSSDSFELFYGLFMYNPNALEQLERLDMAFESVKKELFGRLHQQYRKQMFGGEVQSPKKTEQKLLNDGGVVPMNDISSSSSSSSSSS,seq_30c67122aa6d5b38,37.3,1.5717088318086876,s^(-1),wildtype,SABIO,
fold5_WT_idx001646,test,kcat,esmc,5,fold5_seqid_leq_40,fold5_seqid,leq_40,40,WT,1646,1.1.1.27,Geobacillus stearothermophilus,3-hydroxypyruvate,O=C(O)C(=O)CC1(C(=O)O)C=CC(O)C=C1,MLLHFSPAKPLISPPNLRRNSPTFLISPPRSLRIRAIDAAQIFDYETQLKSEYRKSSALKIAVLGFGNFGQFLSKTLIRHGHDLITHSRSDYSDAANSIGARFFDNPHDLCEQHPDVVLLCTSILSTESVLRSFPFQRLRRSTLFVDVLSVKEFPKALFIKYLPKEFDILCTHPMFGPESGKHSWSGLPFVYDKVRIGDAASRQERCEKFLRIFENEGCKMVEMSCEKHDYYAAGSQFVTHTMGRVLEKYGVESSPINTKGYETLLDLVENTSSDSFELFYGLFMYNPNALEQLERLDMAFESVKKELFGRLHQQYRKQMFGGEVQSPKKTEQKLLNDGGVVPMNDISSSSSSSSSSS,seq_30c67122aa6d5b38,3.4,0.5314789170422551,s^(-1),wildtype,SABIO,
fold5_MD_idx001667,test,kcat,esmc,5,fold5_seqid_leq_40,fold5_seqid,leq_40,40,MD,1667,1.1.1.27,Toxoplasma gondii,pyruvate,N[C@@H](CS)C(=O)O,STRRQAITLYRNLLRESEKLPSYNFRMYAARKIRDTFRANRSTRDFAEIDRQMAEGQQNLELIRRQVIIGHLYSADKLVIENKKTLKPSDD,seq_4349b9b514fdcf47,0.04333333,-1.3631779358200948,s^(-1),wildtype,SABIO,
fold5_WT_idx001975,test,kcat,esmc,5,fold5_seqid_leq_40,fold5_seqid,leq_40,40,WT,1975,1.1.1.40,Zea mays,l-malate,O=N[O-],MAEQMQISRRTILAGAALAGALAPVLATTSAWGQGAVRKATAAEIAALPRQKVELVDPPFVHAHSQVAEGGPKVVEFTMVIEEKKIVIDDAGTEVHAMAFNGTVPGPLMVVHQDDYLELTLINPETNTLMHNIDFHAATGALGGGGLTEINPGEKTILRFKATKPGVFVYHCAPPGMVPWHVVSGMNGAIMVLPREGLHDGKGKALTYDKIYYVGEQDFYVPRDENGKYKKYEAPGDAYEDTVKVMRTLTPTHVVFNGAVGALTGDKAMTAAVGEKVLIVHSQANRDTRPHLIGGHGDYVWATGKFNTPPDVDQETWFIPGGAAGAAFYTFQQPGIYAYVNHNLIEAFELGAAAHFKVTGEWNDDLMTSVLAPSGT,seq_d09f5e08a200bbbb,1046.0,3.0195316845312554,s^(-1),wildtype,SABIO,
fold5_WT_idx001982,test,kcat,esmc,5,fold5_seqid_leq_40,fold5_seqid,leq_40,40,WT,1982,1.1.1.40,Zea mays,l-malate,N=C(O)C1=CN([C@@H]2O[C@H](COP(=O)(O)OP(=O)(O)OC[C@H]3O[C@@H](n4cnc5c(N)ncnc54)[C@H](O)[C@@H]3O)[C@@H](O)[C@H]2O)C=CC1,MSRKIVVVGGVAGGASVAARLRRLSEEDEIIMVERGEYISFANCGLPYYIGGVITERQKLLVQTVERMSKRFNLDIRVLSEVVKINKEEKTITIKNVTTNETYNEAYDVLILSPGAKPIVPSIPGIEEAKALFTLRNVPDTDRIKAYIDEKKPRHATVIGGGFIGVEMVENLRERGIEVTLVEMANQVMPPIDYEMAAYVHEHMKNHDVELVFEDGVDALEENGAVVRLKSGSVIQTDMLILAIGVQPESSLAKGAGLALGVRGTIKVNEKFQTSDPHIYAIGDAIEVKDFVTETETMIPLAWPANRQGRMLADIIHGHTDSLYKGTLGTSVAKVFDLTVATTGLNEKILKRLNIPYEVVHVQANSHAGYYPNATPVLIKLIFNKDSGKIYGAQTLGRDGVDKRMDVIATAIKANLTVLDLPDLELSYAPPYSSAKDPVNMVGYAASNIVDGFVDTVQWHEIDRIVENGGYLIDVREPNELKQGMIKGSINIPLDELRDRLEEVPVDKDIYITCQLGMRGYVAARMLMEKGYKVKNVDGGFKLYGTVLPERIVY,seq_d988e52c81ae4b65,27.0,1.4313637641589874,s^(-1),wildtype,SABIO,
fold5_WT_idx002242,test,kcat,esmc,5,fold5_seqid_leq_40,fold5_seqid,leq_40,40,WT,2242,1.1.1.42,Saccharomyces cerevisiae,isocitrate,O=C[C@H](O)[C@@H](O)[C@H](O[C@H]1O[C@H](CO)[C@@H](O[C@H]2O[C@H](CO)[C@@H](O[C@H]3O[C@H](CO)[C@@H](O[C@H]4O[C@H](CO)[C@@H](O[C@H]5O[C@H](CO)[C@@H](O[C@H]6O[C@H](CO)[C@@H](O)[C@H](O)[C@H]6O)[C@H](O)[C@H]5O)[C@H](O)[C@H]4O)[C@H](O)[C@H]3O)[C@H](O)[C@H]2O)[C@H](O)[C@H]1O)[C@H](O)CO,MSQPIFNDKQFQEALSRQWQRYGLNSAAEMTPRQWWLAVSEALAEMLRAQPFAKPVANQRHVNYISMEFLIGRLTGNNLLNLGWYQDVQDSLKAYDINLTDLLEEEIDPALGNGGLGRLAACFLDSMATVGQSATGYGLNYQYGLFRQSFVDGKQVEAPDDWHRSNYPWFRHNEALDVQVGIGGKVTKDGRWEPEFTITGQAWDLPVVGYRNGVAQPLRLWQATHAHPFDLTKFNDGDFLRAEQQGINAEKLTKVLYPNDNHTAGKKLRLMQQYFQCACSVADILRRHHLAGRKLHELADYEVIQLNDTHPTIAIPELLRVLIDEHQMSWDDAWAITSKTFAYTNHTLMPEALERWDVKLVKGLLPRHMQIINEINTRFKTLVEKTWPGDEKVWAKLAVVHDKQVHMANLCVVGGFAVNGVAALHSDLVVKDLFPEYHQLWPNKFHNVTNGITPRRWIKQCNPALAALLDKSLQKEWANDLDQLINLEKFADDAKFRQQYREIKQANKVRLAEFVKVRTGIEINPQAIFDIQIKRLHEYKRQHLNLLHILALYKEIRENPQADRVPRVFLFGAKAAPGYYLAKNIIFAINKVADVINNDPLVGDKLKVVFLPDYCVSAAEKLIPAADISEQISTAGKEASGTGNMKLALNGALTVGTLDGANVEIAEKVGEENIFIFGHTVEQVKAILAKGYDPVKWRKKDKVLDAVLKELESGKYSDGDKHAFDQMLHSIGKQGGDPYLVMADFAAYVEAQKQVDVLYRDQEAWTRAAILNTARCGMFSSDRSIRDYQARIWQAKR,seq_497fd48c2454fffd,28.0,1.4471580313422192,s^(-1),wildtype,SABIO,
fold5_WT_idx002551,test,kcat,esmc,5,fold5_seqid_leq_40,fold5_seqid,leq_40,40,WT,2551,1.1.3.4,Penicillium amagasakiense,2-deoxy-d-glucose,N[C@H](COP(=O)(O)O)Cc1cnc[nH]1,MNPLDLIAKRAYPYETEKRDKTYLALNENPFPFPEDLVDEVFRRLNSDALRIYYDSPDEELIEKILSYLDTDFLSKNNVSVGNGADEIIYVMMLMFDRSVFFPPTYSCYRIFAKAVGAKFLEVPLTKDLRIPEVNVGEGDVVFIPNPNNPTGHVFEREEIERILKTGAFVALDEAYYEFHGESYVDFLKKYENLAVIRTFSKAFSLAAQRVGYVVASEKFIDAYNRVRLPFNVSYVSQMFAKVALDHREIFEERTKFIVEERERMKSALREMGYRITDSRGNFVFVFMEKEEKERLLEHLRTKNVAVRSFREGVRITIGKREENDMILRELEVFK,seq_246b52bd51f9eb35,0.04666667,-1.3309931880203911,s^(-1),wildtype,SABIO,
fold5_WT_idx002575,test,kcat,esmc,5,fold5_seqid_leq_40,fold5_seqid,leq_40,40,WT,2575,1.1.3.9,Gibberella zeae,d-galactose,Nc1ncnc2c1ncn2[C@@H]1O[C@H](COP(=O)(O)OP(=O)(O)OP(=O)(O)O)[C@@H](O)[C@H]1O,MQSQDSCYGVAFRSIITNDEALFKKTIHFYHTLGFATVKDFNKFKHGENSLLSSGTSQDSLREVWLESFKLSEVDASGFRIPQQEATNKAQSQGALLKIRLVMSAPIDETFDTNETATITYFSTDLNKIVEKFPKQAEKLSDTLVFLKDPMGNNITFSGLANATDSAPTSKDAFLEATSEDEIISRASSDASDLLRQTLGSSQKKKKIAVMTSGGDSPGMNAAVRAVVRTGIHFGCDVFAVYEGYEGLLRGGKYLKKMAWEDVRGWLSEGGTLIGTARSMEFRKREGRRQAAGNLISQGIDALVVCGGDGSLTGADLFRHEWPSLVDELVAEGRFTKEEVAPYKNLSIVGLVGSIDNDMSGTDSTIGAYSALERICEMVDYIDATAKSHSRAFVVEVMGRHCGWLALMAGIATGADYIFIPERAVPHGKWQDELKEVCQRHRSKGRRNNTIIVAEGALDDQLNPVTANDVKDALIELGLDTKVTILGHVQRGGTAVAHDRWLATLQGVDAVKAVLEFTPETPSPLIGILENKIIRMPLVESVKLTKSVATAIENKDFDKAISLRDTEFIELYENFLSTTVKDDGSELLPVSDRLNIGIVHVGAPSAALNAATRAATLYCLSHGHKPYAIMNGFSGLIQTGEVKELSWIDVENWHNLGGSEIGTNRSVASEDLGTIAYYFQKNKLDGLIILGGFEGFRSLKQLRDGRTQHPIFNIPMCLIPATVSNNVPGTEYSLGVDTCLNALVNYTDDIKQSASATRRRVFVCEVQGGHSGYIASFTGLITGAVSVYTPEKKIDLASIREDITLLKENFRHDKGENRNGKLLVRNEQASSVYSTQLLADIISEASKGKFGVRTAIPGHVQQGGVPSSKDRVTASRFAVKCIKFIEQWNKKNEASPNTDAKVLRFKFDTHGEKVPTVEHEDDSAAVICVNGSHVSFKPIANLWENETNVELRKGFEVHWAEYNKIGDILSGRLKLRAEVAALAAENK,seq_9aaa9713c0af729d,209.6,2.321391278311689,s^(-1),wildtype,SABIO,
fold5_WT_idx002636,test,kcat,esmc,5,fold5_seqid_leq_40,fold5_seqid,leq_40,40,WT,2636,1.10.3.2,Bacillus subtilis,"2,2'-azino-bis(3-ethylbenzthiazoline-6-sulfonic acid)",Nc1ncnc2c1ncn2[C@@H]1O[C@H](COP(=O)(O)OP(=O)(O)OP(=O)(O)O)[C@@H](O)[C@H]1O,MKFAVSSKGDQVSDTLKSKIQAYLLDFDMELDENEPEIVISVGGDGTLLYAFHRYSDRLDKTAFVGVHTGHLGFYADWVPHEIEKLVLAIAKTPYHTVEYPLLEVIVTYHENEREERYLALNECTIKSIEGSLVADVEIKGQLFETFRGDGLCLSTPSGSTAYNKALGGAIIHPSIRAIQLAEMASINNRVFRTVGSPLLLPSHHDCMIKPRNEVDFQVTIDHLTLLHKDVKSIRCQVASEKVRFARFRPFPFWKRVQDSFIGKGE,seq_34a701dcd37c57b7,8.0,0.9030899869919435,s^(-1),wildtype,SABIO,
fold5_WT_idx002638,test,kcat,esmc,5,fold5_seqid_leq_40,fold5_seqid,leq_40,40,WT,2638,1.10.3.2,Bacillus subtilis,"2,2'-azino-bis(3-ethylbenzthiazoline-6-sulfonic acid)",N=C(O)c1ccc[n+]([C@@H]2O[C@H](COP(=O)(O)OP(=O)([O-])OC[C@H]3O[C@@H](n4cnc5c(N)ncnc54)[C@H](O)[C@@H]3O)[C@@H](O)[C@H]2O)c1,MNNHFKCIGIVGHPRHPTALTTHEMLYRWLCTKGYEVIVEQQIAHELQLKNVKTGTLAEIGQLADLAVVVGGDGNMLGAARTLARYDIKVIGINRGNLGFLTDLDPDNAQQQLADVLEGHYISEKRFLLEAQVCQQDCQKRISTAINEVVLHPGKVAHMIEFEVYIDEIFAFSQRSDGLIISTPTGSTAYSLSAGGPILTPSLDAITLVPMFPHTLSARPLVINSSSTIRLRFSHRRNDLEISCDSQIALPIQEGEDVLIRRCDYHLNLIHPKDYSYFNTLSTKLGWSKKLF,seq_3939a1dd105a0c8a,125.0,2.0969100130080562,s^(-1),wildtype,SABIO,
fold5_WT_idx002711,test,kcat,esmc,5,fold5_seqid_leq_40,fold5_seqid,leq_40,40,WT,2711,1.10.3.2,Bacillus subtilis,syringaldazine,Cc1[nH]c(=N)[nH]c(=N)c1OCCCOc1cc(Cl)c(Cl)cc1Cl,MQSTANYLWHTDDLLGQGATASVYKARNKKSGELVAVKVFNTTSYLRPREVQVREFEVLRKLNHQNIVKLFAVEETGGSRQKVLVMEYCSSGSLLSVLESPENAFGLPEDEFLVVLRCVVAGMNHLRENGIVHRDIKPGNIMRLVGEEGQSIYKLTDFGAARELDDDEKFVSVYGTEEYLHPDMYERAVLRKPQQKAFGVTVDLWSIGVTLYHAATGSLPFIPFGGPRRNKEIMYRITTEKPAGAIAGAQRRENGPLEWSYTLPITCQLSLGLQSQLVPILANILEVEQAKCWGFDQFFAETSDILQRVVVHVFSLSQAVLHHIYIHAHNTIAIFQEAVHKQTSVAPRHQEYLFEGHLCVLEPSVSAQHIAHTTASSPLTLFSTAIPKGLAFRDPALDVPKFVPKVDLQADYNTAKGVLGAGYQALRLARALLDGQELMFRGLHWVMEVLQATCRRTLEVARTSLLYLSSSLGTERFSSVAGTPEIQELKAAAELRSRLRTLAEVLSRCSQNITETQESLSSLNRELVKSRDQVHEDRSIQQIQCCLDKMNFIYKQFKKSRMRPGLGYNEEQIHKLDKVNFSHLAKRLLQVFQEECVQKYQASLVTHGKRMRVVHETRNHLRLVGCSVAACNTEAQGVQESLSKLLEELSHQLLQDRAKGAQASPPPIAPYPSPTRKDLLLHMQELCEGMKLLASDLLDNNRIIERLNRVPAPPDV,seq_325d44db452319f1,0.6202778,-0.20741376213671006,s^(-1),wildtype,SABIO,
fold5_WT_idx002882,test,kcat,esmc,5,fold5_seqid_leq_40,fold5_seqid,leq_40,40,WT,2882,1.10.3.2,Trametes sp. C30,syringaldazine,CC(C)(COP(=O)(O)OP(=O)(O)OC[C@H]1O[C@@H](n2cnc3c(N)ncnc32)[C@H](O)[C@@H]1OP(=O)(O)O)[C@@H](O)C(O)=NCCC(O)=NCCS,MIYGIGLDITELKRIASMAGRQKRFAERILTRSELDQYYELSEKRKNEFLAGRFAAKEAFSKAFGTGIGRQLSFQDIEIRKDQNGKPYIICTKLSQAAVHVSITHTKEYAAAQVVIERLSS,seq_56d24547678c0811,0.54166665,-0.2662679027676766,s^(-1),wildtype,SABIO,
fold5_WT_idx002897,test,kcat,esmc,5,fold5_seqid_leq_40,fold5_seqid,leq_40,40,WT,2897,1.10.3.2,Klebsiella sp. 601,cu2+,O=S([O-])(O)=S,MSQSISSSTKAEEVVSVDVSQAKTLLQSGHQYLDVRTQDEFRRGHCEAAKIVNIPYMLNTPQGRVKNQEFLEQVSSLLNPADDILVGCQSGARSLKATTELVAAGYKKVRNVGGGYLAWVDHSFPINTEEEEPSAN,seq_f08f00e3bbea4c31,10.7,1.0293837776852097,s^(-1),wildtype,SABIO,
fold5_WT_idx003132,test,kcat,esmc,5,fold5_seqid_leq_40,fold5_seqid,leq_40,40,WT,3132,1.11.1.7,Armoracia rusticana,h2o2,CCCCCCCCCCCCCCCCOCC(O)COP(=O)([O-])OCC[N+](C)(C)C,MKGKLLKGVLSFGIGLGVLYGGSSVQADTSTDQNNTLKVMTHNVYMLSTNLYPNWGQSQRADLIGAADYIKNQDVVILNEVFDNSASDRLLGNLKKEYPNQTAVLGRSNGNEWDKTLGSYSSSTPEDGGVAIVSKWPIVEKIQYVFAKGCGPDNLSNKGFVYTKIKKNDRFVHVIGTHLQAEDSMCGKTSPASVRTNQLKEIQDFIKNKNIPNDEYVLFGGDMNVNKINAENNSDSEYASMFKTLHASIPSYTGHTATWDATTNSIAKYNFPDSPAEYLDYIIASKDHANPSFIENKVLQPKSPQWTVTSWLKKYTYDDYSDHYPVAATISMK,seq_67ce365a551b1cbe,2.983333e-06,-5.525298267928276,s^(-1),wildtype,SABIO,
fold5_WT_idx003133,test,kcat,esmc,5,fold5_seqid_leq_40,fold5_seqid,leq_40,40,WT,3133,1.11.1.7,Armoracia rusticana,h2o2,CCCCCCCCCCCCCCCCOCC(O)COP(=O)([O-])OCC[N+](C)(C)C,MKGKLLKGVLSLGVGLGALYSGTSAQAEASTNQNDTLKVMTHNVYMLSTNLYPNWGQTERADLFGAADYIKNQDVVILNEVFDNSASDRLLGNLKKEYPNQTAVLGRSSGSEWDKTLGNYSSSTPEDGGVAIVSKWPIAEKIQYVFAKGCGPDNLSNKGFVYTKIKKNDRFVHVIGTHLQAEDSMCGKTSPASVRTNQLKEIQDFIKNKNIPNNEYVLIGGDMNVNKINAENNNDSEYASMFKTLNASVPSYTGHTATWDATTNSIAKYNFPDSLAEYLDYIIASKDHANPSYIENKVLQPKSPQWTVTSWFKNIRIMITLIIIQVEATISMK,seq_b90b25e682fc31d2,2.983333e-06,-5.525298267928276,s^(-1),wildtype,SABIO,
fold5_WT_idx003491,test,kcat,esmc,5,fold5_seqid_leq_40,fold5_seqid,leq_40,40,WT,3491,1.14.12.17,Escherichia coli,fad,Cc1onc(-c2ccccc2)c1C(O)=N[C@@H]1C(=O)N2[C@@H]1SC(C)(C)[C@@H]2C(=O)O,MKVKYALLSAGALQLLVVGCGSSHHETHYGYATLSYADYWAGELGQSRDVLLAGNAEADRAGDLDAGMFDAVSRATHGHGAFRQQFQYAVEVLGEKVLSKQETEDSRGRKKWEYETDPSVTKMVRASASFQDLGEDGEIKFEAVEGAVALADRASSFMVDSEEYKITNVKVHGMKFVPVAVPHELKGIAKEKFHFVEDSRVTENTNGLKTMLTEDSFSARKVSSMESPHDLVVDTVGTGYHSRFGSDAEASVMLKRADGSELSHREFIDYVMNFNTVRYDYYGDDASYTNLMASYGTKHSADSWWKTGRVPRISCGINYGFDRFKGSGPGYYRLTLIANGYRDVVADVRFLPKYEGNIDIGLKGKVLTIGGADAETLMDAAVDVFADGQPKLVSDQAVSLGQNVLSADFTPGTEYTVEVRFKEFGSVRAKVVAQ,seq_6e0273c73310973e,3.7,0.568201724066995,s^(-1),wildtype,SABIO,
fold5_WT_idx003840,test,kcat,esmc,5,fold5_seqid_leq_40,fold5_seqid,leq_40,40,WT,3840,1.18.1.2,Zea mays,nadph,N=c1ccn([C@H]2C[C@H](O)[C@@H](COP(=O)(O)OP(=O)(O)OP(=O)(O)O)O2)c(O)n1,MILSDKDIIDYVTSKRIIIKPFNKDFVGPCSYDVTLGDEFIIYDDEVYDLSKELNYKRIKIKNSILVCPLNYNLTEEKINYFKEKYNVDYVVEGGVLGTTNEYIELPNDISAQYQGRSSLGRVFLTSHQTAGWIDAGFKGKITLEIVAFDKPVILYKNQRIGQLIFSKLLSPADVGYSERKTSKYAYQKSVMPSLIHLDNHKKD,seq_3e1b7ba21bf5ca6f,0.41,-0.38721614328026455,s^(-1),wildtype,SABIO,
fold5_WT_idx004023,test,kcat,esmc,5,fold5_seqid_leq_40,fold5_seqid,leq_40,40,WT,4023,1.2.1.3,Bacillus subtilis,hexanal,C[C@@H](C(=O)O)C(=O)SCCN=C(O)CCN=C(O)[C@H](O)C(C)(C)COP(=O)(O)OP(=O)(O)OC[C@H]1O[C@@H](n2cnc3c(N)ncnc32)[C@H](O)[C@@H]1OP(=O)(O)O,MRRCEVNSKPISEYFGIPCENREMAKCLLTSSLSVRTKLLQTGVSLYNTSHGFHEEEVKKILEQFPGGSIDLLKKQNGIGILTLNNPNKMNAFSGVMMLQLLERVIELENWTEGKGLIIHGAKNTFCSGSDLNAVKALSTPESGVALSMFMQNTLTRFMRLPLISVALVQGWAMGGGAELTTACDFRLMTEESVIRFVHKEMGIVPSWGGTSRLVEIIGSRQALKVLSGTLKLDSKEALNIGLTDEVLQPSDETTALEQAQEWLEKFVSGPPQVIRGLKKSVCSARELYIEEALQNERDVLETLWGGPANLEAIAKKGKHTK,seq_e0d98139b646a5aa,1.68,0.22530928172586284,s^(-1),wildtype,SABIO,
fold5_WT_idx004104,test,kcat,esmc,5,fold5_seqid_leq_40,fold5_seqid,leq_40,40,WT,4104,1.20.1.1,Pseudomonas stutzeri,nad+,O=C=O,MPFHAEPLKPSDEIDMDLGHSVAAQKFKEIREVLEGNRYWARKVTSEEPEFMAEQVKGQAPNFLWIGCADSRVPEVTIMARKPGDVFVQRNVANQFKPEDDSSQALLNYAIMNVGVTHVMVVGHTGCGGCIAAFDQPLPTEENPGGTPLVRYLEPIIRLKHSLPEGSDVNDLIKENVKMAVKNVVNSPTIQGAWEQARKGEFREVFVHGWLYDLSTGNIVDLNVTQGPHPFVDDRVPRA,seq_c24aab0f336ff5f4,680000.0,5.832508912706237,s^(-1),wildtype,SABIO,
fold5_WT_idx004280,test,kcat,esmc,5,fold5_seqid_leq_40,fold5_seqid,leq_40,40,WT,4280,1.4.1.2,Escherichia coli,l-glutamate,Nc1ncnc2c1ncn2[C@@H]1O[C@H](COP(=O)(O)OP(=O)(O)OP(=O)(O)O)[C@@H](O)[C@H]1O,MTLPNPGSVLASLTELTQVNRTHALLRRVKDLSVNEFVCLLDFITAEFQQFLRAIELINNEALENMLEKVLEAITLKIGQILQAEHTAIFLVDYDKCQLWSKVPQDNGQKFLEIRTPITVGIPGHVASTGQYLNISETATHPLFSPELERQMGYKINNILCMPVVSSKDQIVAVVQLANKTGNIPFNRNDEESFRDFAASIGIILETCQSFYVAARNQRGVTALLRATQTLGQSLDLEATLQIVMEQARILMQADRSTLFLYRKEMGELWTKVAAAADTTQLIEIRIPANRGIVGYVASTGDALNISDAYKDPRFDPTTDRKTGYLTRNILCLPVFNSANELIGVTQLINKQQGSFTASDEEFMRAFNIQAGVALENARLFENVLLEKQYQKDILQSLSDAVISTDMAGRIVTINDAALELLGCPLGDANHKSNKLLWEQNLIGRVVWEIVPIENLQMRLEDSLKSGAKHYVPEQSLIVGIYQLQMSESRVLHETQDYSILTVRDRINPDIFLPWNLPQTPQSQFITPEEVQILERSINLTVNPLTNPEGGVRGGLVVLEDISQEKRLKTTMYRYLTPHVAEQVMALGEDALMVGERKEVTVLFSDIRGYTTLTENLGAAEVVSLLNQYFETMVEAVFNYEGTLDKFIGDALMAVFGAPLPLTENHAWQAVQSALDMRQRLKEFNQRRIIQAQPQIKIGIGISSGEVVSGNIGSHKRMDYTVIGDGVNLSSRLETVTKEYGCDIILSEFTYQLCSDRIWVRQLDKIRVKGKHQAVNIYELISDRSTPLDDNTQEFLFHYHNGRTAYLVRDFTQAIACFNSAKHIRPTDQAVNIHLERAYNYQQTPPPPQWDGVWTIFTK,seq_441df2b0d217a41d,0.1166667,-0.9330530862852668,s^(-1),wildtype,SABIO,
fold5_WT_idx006350,test,kcat,esmc,5,fold5_seqid_leq_40,fold5_seqid,leq_40,40,WT,6350,2.7.7.38,Escherichia coli,3-deoxy-d-manno-octulosonate,C[S+](CC[C@H](N)C(=O)[O-])C[C@H]1O[C@@H](n2cnc3c(N)ncnc32)[C@H](O)[C@@H]1O,MDKLFSMIEVEVNSQCNRTCWYCPNSVSKRKETGEMDPALYKTLMEQLSSLDFAGRISFHFYGEPLLCKNLDLFVGMTTEYIPRARPIIYTNGDFLTEKRLQTLTELGIQKFIVTQHAGAKHKFRGVYDQLAGADKEKVVYLDHSDLVLSNRGGILDNIPQASKANMSCMVPSNLAVVTVLGNVLPCFEDFNQKMVMGNIGEQHISDIWHNDKFTSFRKMLKEGHRGKSDLCKNCNNVSVQTEEQYDYVL,seq_daa861abb6b9073b,0.021,-1.6777807052660807,s^(-1),wildtype,SABIO,
fold5_WT_idx006495,test,kcat,esmc,5,fold5_seqid_leq_40,fold5_seqid,leq_40,40,WT,6495,3.1.1.1,Escherichia coli,p-nitrophenyl propionate,CC(=O)N1c2ccc(O)cc2Oc2cc(O)ccc21,MGVPFFSSLRCMVDLGPCWAGGLTAEMKLLLALAGLLAILATPQPSEGAAPAVLGEVDTSLVLSSMEEAKQLVDKAYKERRESIKQRLRSGSASPMELLSYFKQPVAATRTAVRAADYLHVALDLLERKLRSLWRRPFNVTDVLTPAQLNVLSKSSGCAYQDVGVTCPEQDKYRTITGMCNNRRSPTLGASNRAFVRWLPAEYEDGFSLPYGWTPGVKRNGFPVALARAVSNEIVRFPTDQLTPDQERSLMFMQWGQLLDHDLDFTPEPAARASFVTGVNCETSCVQQPPCFPLKIPPNDPRIKNQADCIPFFRSCPACPGSNITIRNQINALTSFVDASMVYGSEEPLARNLRNMSNQLGLLAVNQRFQDNGRALLPFDNLHDDPCLLTNRSARIPCFLAGDTRSSEMPELTSMHTLLLREHNRLATELKSLNPRWDGERLYQEARKIVGAMVQIITYRDYLPLVLGPTAMRKYLPTYRSYNDSVDPRIANVFTNAFRYGHTLIQPFMFRLDNRYQPMEPNPRVPLSRVFFASWRVVLEGGIDPILRGLMATPAKLNRQNQIAVDEIRERLFEQVMRIGLDLPALNMQRSRDHGLPGYNAWRRFCGLPQPETVGQLGTVLRNLKLARKLMEQYGTPNNIDIWMGGVSEPLKRKGRVGPLLACIIGTQFRKLRDGDRFWWENEGVFSMQQRQALAQISLPRIICDNTGITTVSKNNIFMSNSYPRDFVNCSTLPALNLASWREAS,seq_48da005dbddcb2bf,186.0,2.2695129442179165,s^(-1),wildtype,SABIO,
fold5_WT_idx006890,test,kcat,esmc,5,fold5_seqid_leq_40,fold5_seqid,leq_40,40,WT,6890,3.2.1.20,Aspergillus nidulans,isomaltose,CC(O)C(O)C1CNc2[nH]c(=N)nc(O)c2N1,MEEKEILWNEAKAFIAACYQELGKEEEVKDRLADIKSEIDLTGSYVHTKEELEHGAKMAWRNSNRCIGRLFWNSLNVIDRRDVRTKEEVRDALFHHIETATNNGKIRPTITIFPPEEKGEKQVEIWNHQLIRYAGYESDGERIGDPASCSLTAACEELGWRGERTDFDLLPLIFRMKGDEQPVWYELPRSLVIEVPITHPDIEAFSDLELKWYGVPIISDMKLEVGGIHYNAAPFNGWYMGTEIGARNLADEKRYDKLKKVASVIGIAADYNTDLWKDQALVELNKAVLHSYKKQGVSIVDHHTAASQFKRFEEQEEEAGRKLTGDWTWLIPPISPAATHIFHRSYDNSIVKPNYFYQDKPYE,seq_5f261369c533f3f8,0.183,-0.7375489102695706,s^(-1),wildtype,SABIO,
fold5_WT_idx007788,test,kcat,esmc,5,fold5_seqid_leq_40,fold5_seqid,leq_40,40,WT,7788,3.5.2.6,Pseudomonas aeruginosa,zn2+,N=c1nc(O)c2c([nH]1)NCC(CN(C=O)c1ccc(C(=O)N[C@@H](CCC(=O)O)C(=O)O)cc1)N2,MKIAVIGQSLFGQEVYKELKNEGHMIVGVFTIPDKDGKVDPLAIEAEKDGVPVFKFPRWRLKGKAITEVVDQYKAVGAELNVLPFCSQFIPMEVIDHPKHGSIIYHPSLLPRHRGASAINWTLIHGDKKGGFTVFWADDGLDTGPILLQRECDVEPNDNVNSIYKRFLFPEGVKGMVEAVRLIATGKAPRIKQPEEGATYECIQKKENSKIDWNQPAEAIHNWIRGNDRVPGAWAEIDGKSVSFYGSTLLENDHFSSNGQPLEIPGASRAALVTKNGLVLFGNDGKMLLVKNLQFEDGKMIPGSQYFKAGVTSTVELSEDENRFAEQMRVVWKSILTNVEKIEDTTDFFKSGAASMDVVRLVEEVKLRAAQLQLQNEDVYMATSFQEFIQMCVRKLRGEDEEEEFNVDYVEKKLNNMTIHIPHQLFINGEFVDAEGGKTYKSINPTDGQAICDVSLAQISDVEKAVAAAKEAFEEGEWGKMNPRDRGKLLYKLADLMEQHQEELATIESIDSGAVYTLALKTHIGMSIQTFRYFAGWCDKIQGCTIPINQARPNRNLTFTKKEPIGVCGIVIPWNYPLMMLAWKTAACLAAGNTVVLKPAQVTPLTALKFAELTALAKFPKGVVNILPGSGSLVGQRLSDHPDVRKLGFTGSTEIGKHIMKSCAVSNVKKVSLELGGKSPLIIFNDCDLDKAVRMGMSSVFFNKGENCIAAGRLFIEESIHDIFLERVVSEIRKMKIGDPLDRSTDHGPQNHKAHLDKLVEYCEKGVKEGAKLVCGGKQVERPGFFFEPTVFTDVQDHMYIAVEESFGPVMIISKFSNGEVDKVLQRANATEFGLASGVFTRDISKALYVSEKLQAGTVFINTYNKTDVAAPFGGFKQSGFGKDLGQEALNEYLKTKCVTVEY,seq_b4ea21e1ab792d6d,97.0,1.9867717342662448,s^(-1),wildtype,SABIO,
fold5_WT_idx007994,test,kcat,esmc,5,fold5_seqid_leq_40,fold5_seqid,leq_40,40,WT,7994,3.6.1.8,Mycobacterium tuberculosis,gtp,[O-][Cl+2]([O-])[O-],MSTDSDAETVDLADGVDHQVAMVMDLNKCIGCQTCTVACKSLWTEGGGRDYMYWNNVETKPGKGYPRNWEESGGGWKSSEHKERKPGQIPDKEDYGDAWEFNHEEIMYNGSDRPLRPDSDPEWGPNWDEDQGTGEYPNSYYFYLPRICNHCTHPSCVEACPRKAIYKREEDGIVLIDQERCRGYRYCVEGCPYKKVYYNATQKTSEKCIFCYPRIEGEGPDGKTFAPACAEDCPPQLRLVGFLDDEQGPIHKLVEEYEVALPLHPEYQTQPNVYYIPPFAPPQHSEDGESVDVDRIPRNYLEELFGERVHDALDTIEREREKVNRGGGSELLDMLTDTNPARKFRLEVFDDD,seq_0b3d9ca3d7f3f229,46.0,1.662757831681574,s^(-1),wildtype,SABIO,
fold5_WT_idx008112,test,kcat,esmc,5,fold5_seqid_leq_40,fold5_seqid,leq_40,40,WT,8112,4.1.1.25,Enterococcus faecalis,l-tyrosine,CC1=CC(=O)c2ccccc2C1=O,MAALLGIVSPVTFTGKHPVNSRSRRRTVVKCSNERRILFNRIAPVYDNLNDLLSLGQHRIWKNMAVSWSGAKKGDYVLDLCCGSGDLAFLLSEKVGSTGKVMGLDFSSEQLAVAATRQSLKARSCYKCIEWIEGDAIDLPFDDCEFDAVTMGYGLRNVVDRLRAMKEMYRVLKPGSRVSILDFNKSNQSVTTFMQGWMIDNVVVPVATVYDLAKEYEYLKYSINGYLTGEELETLALEAGFSSACHYEISGGFMGNLVAMR,seq_9c35fdf52df7f3cf,0.44,-0.3565473235138126,s^(-1),wildtype,SABIO,
fold5_WT_idx008283,test,kcat,esmc,5,fold5_seqid_leq_40,fold5_seqid,leq_40,40,WT,8283,4.1.2.47,Baliospermum montanum,"2,4-dimethylbenzaldehyde",CCCCCCCCCCCCCCCC(=O)SCCN=C(O)CCN=C(O)[C@H](O)C(C)(C)COP(=O)(O)OP(=O)(O)OC[C@H]1O[C@@H](n2cnc3c(N)ncnc32)[C@H](O)[C@@H]1OP(=O)(O)O,MQLVDRVRGAVTGMSRRLVVGAVGAALVSGLVGAVGGTATAGAFSRPGLPVEYLQVPSPSMGRDIKVQFQSGGANSPALYLLDGLRAQDDFSGWDINTPAFEWYDQSGLSVVMPVGGQSSFYSDWYQPACGKAGCQTYKWETFLTSELPGWLQANRHVKPTGSAVVGLSMAASSALTLAIYHPQQFVYAGAMSGLLDPSQAMGPTLIGLAMGDAGGYKASDMWGPKEDPAWQRNDPLLNVGKLIANNTRVWVYCGNGKPSDLGGNNLPAKFLEGFVRTSNIKFQDAYNAGGGHNGVFDFPDSGTHSWEYWGAQLNAMKPDLQRALGATPNTGPAPQGA,seq_9cb137f4583af595,0.92,-0.036212172654444715,s^(-1),wildtype,SABIO,
fold5_WT_idx008875,test,kcat,esmc,5,fold5_seqid_leq_40,fold5_seqid,leq_40,40,WT,8875,5.1.1.1,Escherichia coli,l-alanine,O=c1nc([O-])ccn1[C@@H]1O[C@H](COP(=O)([O-])OP(=O)(O)O[C@H]2O[C@H](CO)[C@H](O)[C@H](O)[C@H]2O)[C@@H](O)[C@H]1O.[Na+].[Na+],MFKISIILPTYNVEQYIARAIESCINQTFKDIEIIVVDDCGNDNSINIAKEYSKKDKRIKIIHNEKNLGLLRARYEGVKVANSPYIMFLDPDDYLELNACEECIKILDEQDEVDLVFFNAIVESNVISYKKFDFNSGFYSKKEFVKKIIAKKNLYWTMWGKLIRKKLYLEAFASLRLEKDVKINMAEDVLLYYPMLSQAQKIAYMNCNLYHYVPNNNSICNTKNEVLVKNNIQELQLVLNYLRQNYILNKYCSVLYVLIKYLLYIQIYKIKRTKLMVTLLAKINILTLKILFKYKKFLKQC,seq_9a7fe2667b7d9b14,0.05,-1.3010299956639813,s^(-1),wildtype,BRENDA,
fold5_WT_idx009431,test,kcat,esmc,5,fold5_seqid_leq_40,fold5_seqid,leq_40,40,WT,9431,6.3.3.2,Mycoplasma pneumoniae,atp,C[S+](CC[C@H](N)C(=O)[O-])C[C@H]1O[C@@H](n2cnc3c(N)ncnc32)[C@H](O)[C@@H]1O,MIPVTATLIRHRLRHLRHRIRFKSTSVSPFHLPLNHPTYLIWSANTSLGKTLVSTGIAASFLLQQPSSSATKLLYLKPIQTGFPSDSDSRFVFSKLDSLSLRRQIPISISNSVLHSSLPAAKSLGLNVEVSESGMCSLNFRDEKTVTGAPELLCKTLYAWEAAISPHLAAERENATVEDSVVLQMIEKCLKEEMECGVKSEKSDLLCLVETAGGVASPGPSGTLQCDLYRPFRLPGILVGDGRLGGISGTIAAYESLKLRGYDIAAVVFEDHGLVNEVPLTSYLRNKVPVLVLPPVPKDPSDDLIEWFVESDGVFKALKETMVLANLERLERLNGMAKLAGEVFWWPFTQHKLVHQETVTVIDSRCGENFSIYKASDNSSLSQQFDACASWWTQGPDPTFQAELAREMGYTAARFGHVMFPENVYEPALKCAELLLDGVGKGWASRVYFSDNGSTAIEIALKMAFRKFCVDHNFCEATEEEKHIVVKVIALRGSYHGDTLGAMEAQAPSPYTGFLQQPWYTGRGLFLDPPTVFLSNGSWNISLPESFSEIAPEYGTFTSRDEIFDKSRDASTLARIYSAYLSKHLQEHSGVRQSAHVGALIIEPVIHGAGGMHMVDPLFQRVLVNECRNRKIPVIFDEVFTGFWRLGVETTTELLGCKPDIACFAKLLTGGMVPLAVTLATDAVFDSFSGDSKLKALLHGHSYSAHAMGCATAAKAIQWFKDPETNHNITSQGKTLRELWDEELVQQISSHSAVQRVVVIGTLFALELKADASNSGYASLYAKSLLIMLREDGIFTRPLGNVIYLMCGPCTSPEICRRLLTKLYKRLGEFNRT,seq_bbcbf42d1b5be8f3,0.0012,-2.9208187539523753,s^(-1),wildtype,SABIO,
fold5_WT_idx009584,test,kcat,esmc,5,fold5_seqid_leq_40,fold5_seqid,leq_40,40,WT,9584,1.1.1.1,Aeropyrum pernix,cyclohexanone,O=C(CO)[C@@H](O)[C@H](O)CO,MAEHAPRRCCLGWDFSTQQVKVVAVDAELNVFYEESVHFDRDLPEFGTQGGVHVHKDGLTVTSPVLMWVQALDIILEKMKASGFDFSQVLALSGAGQQHGSIYWKAGAQQALTSLSPDLRLHQQLQDCFSISDCPVWMDSSTTAQCRQLEAAVGGAQALSCLTGSRAYERFTGNQIAKIYQQNPEAYSHTERISLVSSFAASLFLGSYSPIDYSDGSGMNLLQIQDKVWSQACLGACAPHLEEKLSPPVPSCSVVGAISSYYVQRYGFPPGCKVVAFTGDNPASLAGMRLEEGDIAVSLGTSDTLFLWLQEPMPALEGHIFCNPVDSQHYMALLCFKNGSLMREKIRNESVSRSWSDFSKALQSTEMGNGGNLGFYFDVMEITPEIIGRHRFNTENHKVAAFPGDVEVRALIEGQFMAKRIHAEGLGYRVMSKTKILATGGASHNREILQVLADVFDAPVYVIDTANSACVGSAYRAFHGLAGGTDVPFSEVVKLAPNPRLAATPSPGASQVYEALLPQYAKLEQRILSQTRGPPE,seq_fec7bc0ccc72d2eb,35.0,1.5440680443502757,s^(-1),wildtype,BRENDA,
fold5_WT_idx009673,test,kcat,esmc,5,fold5_seqid_leq_40,fold5_seqid,leq_40,40,WT,9673,1.1.1.12,Aspergillus niger,l-arabitol,N=C(O)c1ccc[n+]([C@@H]2O[C@H](COP(=O)([O-])O)[C@@H](O)[C@H]2O)c1,MTLAARLKQEFVSGWKPFEVVWLALFIIAQIWAYVQTPDSWLAMISGISGILCVVLVSKGKISNYFFGLIFAYTYFYVAWGSNFLGEMNTVLYVYLPSQFIGYFMWKANMQNSDGGESVIAKALTVKGWMTLIVVTTVGTLLFVQALQAAGGSSTGLDGLTTIITVAAQILMILRYREQWLLWIGLNILSIFLWAETPAIYLMYSAYLLNSLYGYYNWTKLVKRTN,seq_f50074b7206e1239,0.92,-0.036212172654444715,s^(-1),wildtype,BRENDA,
fold5_WT_idx009914,test,kcat,esmc,5,fold5_seqid_leq_40,fold5_seqid,leq_40,40,WT,9914,1.1.1.203,Pseudomonas syringae,d-mannuronate,N=C(O)CC[C@@H](N)C(=O)O,MAELKFKTKAQNLKNLQTKLKKAKVLPLVLTSLEELISNEDKVLQDIQTLKANRLIIRSSSLSEDSMKNSNAGAFLSLANIKADSKDELLKALYEVANSMPSKSDEILVQPMLENITLCGVGFSVDKDNFSPYFCLQYDENGSNSSITDGSSKSAKTYYHYRNYLEFKDIRLQKIIELIKELEVLYDCHFLDVEFAFAIQDDKEELFCLQVRPLVMHEKNNLFHSLPKEALYRFYKRFESLKESRSRVLGDKAIFGVMPDWNPAEIIGLRPKRLAFSLYKEIITDNIWAYQRDNYGYRDLRSHPLIHSFLGIPYVDVRLSFNSFIPKKLDENIAQKLVNFYLDKLNKNHELHDKIEFNIVYSCYDFNSSKKLEELLNHGFNENEIKRLEFSLLELTNKIINPRSGFYLKDIQKAYKLKERYDGIINSNFSLIDKIYWLIEECKRYGTLPFAGVARAAFVAMQLLNSLVEIDFITKEEKDDFLNSLNTVSKNLSKQTNHLNFHNKDQFLKDFGHLRAGTYNILSPRYDEDFELYFDADQKDSKVYLQDKAFVFSKEKTRALNALLKEHGLEINACEFFDFLKQAIEGRELVKFEFTRLLSKAIVYIEELGKYYDIEKEDLAHLDIKSILNLYSSLYSINPKEQFIEEINRNKKEYELTQAIKLPSLLCNADEIFSFYNHSIIPNFITQKSITAFTAKENDKDLEGKIVLIYAADPGYDYLFTKNIAGLITCYGGANSHMAIRASELGMPAVIGVGEENFEKYLKAKKINIECESEQIFCL,seq_4e8a4fc43444bd27,1.5,0.17609125905568124,s^(-1),wildtype,BRENDA,
fold5_WT_idx010640,test,kcat,esmc,5,fold5_seqid_leq_40,fold5_seqid,leq_40,40,WT,10640,1.1.1.42,Bifidobacterium longum,nad+,CCCC(=O)Oc1ccc([N+](=O)[O-])cc1,MPSGENQFYVDKPSRGENYGAYVADELVEFTRKMFPLSYKKEDTFIAGLSMGGYGALINGLKYHETFSHIGAFSPGLMIDDIASRSELLSVTGWSMDFYGNSFGGIDTIKNSDKDYYYLIDQLLENKKEIPKIYLPIGTDDFLLESVRGFKSFVDKREVPLTYIEDDGGHEWDFWDKYVKNFLEWLPLEEKGNYLNSGNVAEHGFRDADAQKAQAALVAWFEETLKK,seq_0cb6cd020c95fc06,417.15,2.6202922479198407,s^(-1),wildtype,BRENDA,
fold5_WT_idx010724,test,kcat,esmc,5,fold5_seqid_leq_40,fold5_seqid,leq_40,40,WT,10724,1.1.1.51,Mesocricetus auratus,"5beta-androstane-3beta,17beta-diol",O=[N+]([O-])c1ccc(OP(=O)(O)O)cc1,MGFLRNRIVGITLAGAVALGSAGTGSAAMETAKKKEEPKVKNVIMMVMDGTSSSAPTLARWYKGEPLAMDQIVSGGVRTYSAESAITDSAPAATAMATGRKSNSSYIGVLPSKVNTPGVEKVREKDHYRPVANVLEGAKQKGKATGIIATSEIQHATPAGYSGHHKDRNNFEVLGEQQVYQNMDVVLGGGKESLQPGTKDKSREDGEDLVKVLKDKKYDFVETKDQLLKSKSKKIWGAFSQRDLAYDMDRRATHPEQPTIAEMTKKSIQTLSKDKDGFFLFVEGSKPDWAAHQNDPIGMISDVLAFDNAVKEALDFAKKDKHTMVIAVSDHGNSGISIGNSNTTKGYDTTPVSAYVDPLKKAKMTVEGATGKLKDDLSNIEEAAKLYGLDDLTPAEKEQLKSVKNKKEAASLFTKLLSNRANIGFTTGGHTGEDVFLYSYGPEKPQGLVENTDIAKTMAKAMGFNLDKLTNELFIEAKQAFKKAGASVTIDQKDPANPVLVAARKKAKAEMPVNKNIIRINGKEYELDSVIVESNGSFYVPKEAVQLFKKYAR,seq_4fed8ad0a08da007,16.0,1.2041199826559248,s^(-1),wildtype,BRENDA,
fold5_WT_idx010725,test,kcat,esmc,5,fold5_seqid_leq_40,fold5_seqid,leq_40,40,WT,10725,1.1.1.51,Mesocricetus auratus,5beta-dihydrotestosterone,O=[N+]([O-])c1ccc(OP(=O)(O)O)cc1,MPHQNRQGRWCRKGWAVVALTGSMSWMPLANAAEIKNVILMIGDGMGPQQVGMLETYANRAPDSIYQGRSTALYQLAKEGVVGASLTHPEDAVVVDSACSATQLSTGIFTGGEVIGIDSEGNRVETVLELAKRVGKATGLVSDTRLTHATPAAFAAHQPHRSLENAIAEDMLMTGPDVMLSGGLRHFVPYSVSEPGESAGSVETLMQGAWSPTSKRKDERNLLQEAADQGYGLAFTRDQMAALNGTKVLGLFANSGMADGISFRDSHDDPQRQQPTLHEMTQKALSMLEQDDDGFFLMVEGGQIDWAAHSNDAGTMLNELIKFDEAVQGVFDWARDRDDTIILVTADHETGAFGFSYSSANLPAAQKKSGPAFADQDYAPNFNFGDFSILDSLYEQKQTYYELLSDFEALPQGERTPARLMAAVNGNSDFQITEAQAAEVLANKPNPYHVDGHSYLGVSEVPAVHDFDAFFPYNDRGNLLARALATQQNTVWGTGTHTHTPVNVFAWGPANDILPVSSILHHSEIGQYLKTVVAK,seq_0e7d6f85d878716b,28300.0,4.451786435524291,s^(-1),wildtype,BRENDA,
fold5_WT_idx010811,test,kcat,esmc,5,fold5_seqid_leq_40,fold5_seqid,leq_40,40,WT,10811,1.1.1.81,Methylococcus capsulatus,nadh,Cc1cc(=O)oc2c(F)c(OP(=O)(O)O)c(F)cc12,MPPSPLDDRVVVALSRPVRPQDLNLCLDSSYLGSANPGSNSHPPVIATTVVSLKAANLTYMPSSSGSARSLNCGCSSASCCTVATYDKDNQAQTQAIAAGTTTTAIGTSTTCPANQMVNNNENTGSLSPSSGVGSPVSGTPKQLASIKIIYPNDLAKKMTKCSKSHLPSQGPVIIDCRPFMEYNKSHIQGAVHINCADKISRRRLQQGKITVLDLISCREGKDSFKRIFSKEIIVYDENTNEPSRVMPSQPLHIVLESLKREGKEPLVLKGGLSSFKQNHENLCDNSLQLQECREVGGGASAASSLLPQPIPTTPDIENAELTPILPFLFLGNEQDAQDLDTMQRLNIGYVINVTTHLPLYHYEKGLFNYKRLPATDSNKQNLRQYFEEAFEFIEEAHQCGKGLLIHCQAGVSRSATIVIAYLMKHTRMTMTDAYKFVKGKRPIISPNLNFMGQLLEFEEDLNNGVTPRILTPKLMGVETVV,seq_07e6efb399c7bb5c,0.21,-0.6777807052660807,s^(-1),wildtype,BRENDA,
fold5_WT_idx010869,test,kcat,esmc,5,fold5_seqid_leq_40,fold5_seqid,leq_40,40,WT,10869,1.1.1.86,Meiothermus ruber,nadph,N[C@H]1[C@H](O)[C@@H](COP(=O)(O)O)OC(O)[C@@H]1O,MLLSKKSEYKTLSTVEHPQYIVFCDFDETYFPHTIDEQKQQDIYELEDYLEQKSKDGELIIGWVTGSSIESILDKMGRGKFRYFPHFIASDLGTEITYFSEHNFGQQDNKWNSRINEGFSKEKVEKLVKQLHENHNILLNPQTQLGKSRYKHNFYYQEQDEINDKKNLLAIEKICEEYGVSVNINRCNPLAGDPEDSYDVDFIPIGTGKNEIVTFMLEKYNLNTERAIAFGDSGNDVRMLQTVGNGYLLKNATQEAKNLHNLITDSEYSKGITNTLKKLIGS,seq_8e05e6865f2072e5,32.0,1.505149978319906,s^(-1),wildtype,BRENDA,
fold5_WT_idx010919,test,kcat,esmc,5,fold5_seqid_leq_40,fold5_seqid,leq_40,40,WT,10919,1.1.1.95,Mycobacterium tuberculosis,3-phosphohydroxypyruvate,O=[N+]([O-])c1ccc(OS(=O)(=O)O)cc1,MQKISIIFNLFLSLGCLAFTFNGSASETKNEWITLGTMAGPIPNAKHSQPANAMLVNGNTYVVDAGDGTAGQLAKVGLDIKNVDAVFLSHLHFDHTGGLPAILSLRWQTSARNELVVYGPPGTQQTVDGIFEYMTYGTLGHYGVPGQVPAPANTNIKVVEVEDGTQLKLPDFTVDVIRNSHYSWPKGSEEWKKFQALSFKFSLQDYTVVYTGDTGPSSAVEKLSSGVDLLVSEMMDIDHTVNMIKETNPQMPKGKFIGIHKHLSKHHLSPKQVGELAKAANVGSLVITHMAPGLDTQAEIDFYTKQVASEYKGPISVAQDLNRYELKR,seq_1c8c30c2b057a0b9,256.9,2.4097641042663462,s^(-1),wildtype,BRENDA,
fold5_WT_idx010927,test,kcat,esmc,5,fold5_seqid_leq_40,fold5_seqid,leq_40,40,WT,10927,1.1.1.95,Marchantia polymorpha,nad+,CCOP(=S)(OCC)Oc1nc(Cl)c(Cl)cc1Cl,MQPKIYWIDNLRGIACLMVVMIHTTTWYVTNAHSVSPVTWDIANVLNSASRVSVPLFFMISGYLFFGERSAQPRHFLRIGLCLIFYSAIALLYIALFTSINMELALKNLLQKPVFYHLWFFFAIAVIYLVSPLIQVKNVGGKMLLVLMAVIGIIANPNTVPQKIDGFEWLPINLYINGDTFYYILYGMLGRAIGMMDTQHKALSWVSAALFATGVFIISRGTLYELQWRGNFADTWYLYCGPMVFICAIALLTLVKNTLDTRTIRGLGLISRHSLGIYGFHALIIHALRTRGIELKNWPILDIIWIFCATLAASLLLSMLVQRIDRNRLVS,seq_9ea60071b4ea84cb,30900.0,4.489958479424835,s^(-1),wildtype,BRENDA,
fold5_WT_idx011003,test,kcat,esmc,5,fold5_seqid_leq_40,fold5_seqid,leq_40,40,WT,11003,1.1.3.41,Acidothermus cellulolyticus,d-mannitol,NC1C(O)O[C@H](CO)C(O[C@@H]2O[C@H](CO)C(O[C@@H]3O[C@H](CO)[C@@H](O)[C@H](O)[C@H]3N)[C@H](O)C2N)C1O,MRYLATAAVLAGAGLASAYSVPANLQQIYNKHKTGTCQNKLQDGFSDGISGPGTSAYCGDIQGAIFLHSSANGGQYDNMDIDCDGANNSGGDCANDPSGQSMTAFMDTVKQYGISDLDANIHPYVVFGNSGSSPTFDPQQYGMQPLSVMAVVCNNQLFYGVWGDTNGDIATGEASISLAKLCFPNDGITGDNGHDQDDVLYIGFTGQDTVPGASAAWTASDTSTFEESIKGLGDRLVAKLSA,seq_ab5fc15dcf41f1e0,0.47,-0.3279021420642826,s^(-1),wildtype,BRENDA,
fold5_WT_idx011243,test,kcat,esmc,5,fold5_seqid_leq_40,fold5_seqid,leq_40,40,WT,11243,1.1.99.40,Saccharomyces cerevisiae,pyruvate,OC[C@H]1O[C@@](CO)(OC[C@@]2(O[C@H]3O[C@H](CO)[C@@H](O)[C@H](O)[C@H]3O)O[C@H](CO)[C@@H](O)[C@@H]2O)[C@@H](O)[C@@H]1O,MISPLLKTLPLLAAVYAAELDLPNLSALNKRQDNSSASTECSLDQTVAPGNLTLCGNATLFTTFRPKARFIAPEGWMNDPMGLYQRADGSIHAGYQSHPKHIQWGNISQGAAYSSDFTSWTDFNGSEGYKTIWPSQIYDIRGVFDGSIIKEGIDGYPTILYTSTSFGPLGATLNEAEGTETQSLAYTTDDGASWIKLGYGAGQNPVIYEWPETNLTGFRDPYVFQSPRLEALLANTTSITNATGDHFATISGGVHGDGARLFLYRQHTTGEFIKWTYLGPLVTTGYKESYGEWSGNYGINFETAGVTRLNPAGAAWDNGSDTTAVDFVTFGTEQGRADHQNHWPLWAAVDYEVRDNGSIEAVIAYSGVQDWGRSYAYASFPVEGYRQVSVGWIYEDDDNVILAKQFGYQGAFTLFRDLFVKVVENVSPSTPGLFEQASWSTKNSTDGMSVTVTTLGQRVVPETLAAYKGNSTVSTLAPVMLNESAAAYTPFSSQPTDRFYALTGSFEFGLNTTAKAGFRVLASEEEYTDIWFDPASENLTVVRTASSLIKSFGNDTELAKVKLYEIVGAESKTLNLTVFVDGSVIEIYANDEVALSTRAYPWLANSTGAGLLADGTTAGDVVGVSGLELWDGLVDAWPARPANTSQGLVWDGPTAAMYGLFAGY,seq_3166ea6f1ccda147,1.5,0.17609125905568124,s^(-1),wildtype,BRENDA,
fold5_WT_idx011307,test,kcat,esmc,5,fold5_seqid_leq_40,fold5_seqid,leq_40,40,WT,11307,1.11.1.16,Rhodococcus jostii,h2o2,OC[C@H]1O[C@@H](OC2[C@@H](CO)O[C@H](O)[C@H](O)[C@H]2O)[C@H](O)[C@@H](O)C1O[C@@H]1O[C@H](CO)[C@@H](O)[C@H](O)[C@H]1O,ASSFEWFGSNESGAEFGSGNIPGVEGTDYTFPNTTAIQILIDAGMNIFRVPFLMERMIPTEMTGSLDTAYFEGYSEVINYITGKGAHAVVDPHNFGRYYGTPISSTSDFQTFWSTLASQFKSNDLVIFDTNNEYHDMDESVVVALNQAAIDGIRDAGATTQYIFVEGNAYSGAWTWTTYNTAMVNLTDPSDLIVYEMHQYLDSDGSGTSDQCVSSTVGQERVVDATTWLQSNGKLGILGEFAGGANSVCEEAVEGMLDYLAENSDVWLGASWWSAGPWWQDYIYSMEPPNGIAYESYLSILETYF,seq_38589386c1334016,156.0,2.1931245983544616,s^(-1),wildtype,BRENDA,
fold5_WT_idx011331,test,kcat,esmc,5,fold5_seqid_leq_40,fold5_seqid,leq_40,40,WT,11331,1.11.1.19,Pleurotus sapidus,reactive blue 5,CC(O)=N[C@H]1C(O)O[C@H](CO)[C@@H](O[C@@H]2O[C@H](CO)[C@H](O)[C@H](O)[C@H]2O)[C@@H]1O[C@@H]1O[C@@H](C)[C@@H](O)[C@@H](O)[C@@H]1O,MKVRAIKSFLATTMAMTFLVSMGQGSILTKANTINNMKYVTEAFGAIPTEEQVSYQKEELTAFIHFGVNTFTGREWGDGTENPEIFNPTNLDADQWVKTLADAGFGRVILTAKHHDGFCLWDSAYTKHDVASSPWKNGKGDVVKEVSEACAKYNIKFGVYLSPWDQNSEHYGEGNGGDYNEFYMNQLRELLTNYGPIAEVWMDGAKGSNVKQEYNFEEWFALIKELQPECLIFSPQGPDIRWIGNEKGYAGEPCWSTIDIEKMKERENPTYLNNGEEGGSDWVVGESDVSIRPGWFYHESQDNEVKSLEKMMDIYFKSIGRNSVLLLNVPPNKEGKLHENDVNRLKEFGETIKELFNDDLALNKEVIVDSFANRDETYGANKIVDGDYDTYWAPDNSSKTGTIEIDLGGSKEFDVISLQEYIPLGQRVSSFNIEVLQGENWNKVYEGKTIGYKRLIRISPTKGEKIRINITGSLEVPLINNVGVYKQPISIELPSGPPAGLKVLNDDNKGNELEQFNFSDGWVYETIHGENDLGGDAHYTSKTNATVNIKFNGTKFFLSGTKDSGHGIMEISIDGENPVEVDLYSPNRKCKEIVFESEDLSDGEHEVTVKCTGRKNSSSRGTAAHIDGAYVLDNGGKGMVEFEKVGYEVSENIGTATFKVIRKGGSNGKLEVNYDTLAGTALNGVDYQTWSGTLAFNEGETEKTFDITIIDDKEKEEPKEFYLKLSDPIGGILGFNSRATVTINDDEQIKIETKDTGDGLHQFNFSGGWNKETDGAWTNNMNSTFSIKFRGKQISLIGAKDPNHGIYEISIDGGEFVEVDAYAESRVTNQVIYESEVLTSGEHILNFRLKGENPHGGRADGQLNYALVDTSEDNLVEPEMPTTDLNKDGKVDIGDLSLASKHYGENIKEYDINGDGVIDEFELNSITNDILK,seq_2a512ed3de5acdb8,23.6,1.3729120029701067,s^(-1),wildtype,BRENDA,
fold5_WT_idx011549,test,kcat,esmc,5,fold5_seqid_leq_40,fold5_seqid,leq_40,40,WT,11549,1.13.11.88,Pseudomonas putida,isoeugenol,C[C@H](N)C(O)=N[C@@H](C)C(O)=N[C@@H](C)C(O)=N[C@@H](C)C(=O)O,MKKVSTLDLLFVAIMGVSPAAFAADLIDVSKLPSKAAQGAPGPVTLQAAVGAGGADELKAIRSTTLPNGKQVTRYEQFHNGVRVVGEAITEVKGPGKSVAAQRSGHFVANIAADLPGSTTAAVSAEQVLAQAKSLKAQGRKTENDKVELVIRLGENNIAQLVYNVSYLIPGEGLSRPHFVIDAKTGEVLDQWEGLAHAEAGGPGGNQKIGKYTYGSDYGPLIVNDRCEMDDGNVITVDMNSSTDDSKTTPFRFACPTNTYKQVNGAYSPLNDAHFFGGVVFKLYRDWFGTSPLTHKLYMKVHYGRSVENAYWDGTAMLFGDGATMFYPLVSLDVAAHEVSHGFTEQNSGLIYRGQSGGMNEAFSDMAGEAAEFYMRGKNDFLIGYDIKKGSGALRYMDQPSRDGRSIDNASQYYNGIDVHHSSGVYNRAFYLLANSPGWDTRKAFEVFVDANRYYWTATSNYNSGACGVIRSAQNRNYSAADVTRAFSTVGVTCPSAL,seq_90220e5ce76fc346,250.0,2.3979400086720375,s^(-1),wildtype,BRENDA,
fold5_WT_idx011610,test,kcat,esmc,5,fold5_seqid_leq_40,fold5_seqid,leq_40,40,WT,11610,1.14.11.60,Arabidopsis thaliana,scopoletin,CC(=O)C=O,MTTVMNDKHPTPDPAEDNAFFPSAYSLSQFTASKSDLSGAHYPTPYQGGRWKILVVGADERYLMMDNGTFFSTGNHPVETLLPMYHLDKAGFSFDIATLSGNPVKFEWWAMPREDQEVNGLYSKYQSSFRQPLKLSDVIETALGEDSDYIGVFIPGGHGALMGLPDSQEVKAVLQWAMKQNKFIISLCHGPAAFLAVGDDPLFAGYKIVAFPDEMDAQTPSIGYMPGHLTWKFGEQLQAIGFELLNTGISGQVFQDRKMLTGDSPLAGNALGQLAAKALLAEVEQK,seq_ce66fcb3e6ea3337,0.663,-0.17848647159522685,s^(-1),wildtype,BRENDA,
fold5_WT_idx011664,test,kcat,esmc,5,fold5_seqid_leq_40,fold5_seqid,leq_40,40,WT,11664,1.14.13.196,Aspergillus fumigatus,l-ornithine,CC(O)=N[C@@H](CCCN)C(=O)O,MASSSKALIESIGSLDKDSYVSLLSKLIGESKFVQNNPPELIPQEDLIVKHVLDSLRPYSTETGGGPLVINHVAYHSGRGNLIVEYPGSVPGKILSFVGMHMDVVTANPDDWEFDPFSLSIDGDKLRGRGTTDCLGHVALVTELMKKLGQAKPALKSTVVAVFIASEENSSIPGVGVDMLVKDKLLDKLKSGPLYWIDTADKQPCVGTGGMIPWKLQFTGKLFHSGLAHKAINAMELAMEGLKEIQARFYRDFPPHPQEEVYGFATPSTMKPTQWCYPAGGINQIPGECTVSGDVRLTPFYDVKEVITKLQEYVDDINGNIERLETRGPVSKYVLPDENLRGRLTLSFDEASAGVACNLDSPGFHVLCKATEEVVGHVKPYSITGTLPLIRDLQDEGFDVQTSGYGLMATYHAKNEYCLLTDMCQGFDVFIRIISQLEQV,seq_91d1f1fff10f4a4e,2116.0,3.325515663363148,s^(-1),wildtype,BRENDA,
fold5_WT_idx012211,test,kcat,esmc,5,fold5_seqid_leq_40,fold5_seqid,leq_40,40,WT,12211,1.2.1.87,Listeria monocytogenes,acetyl-coa,N=c1nc(O)c2ncn([C@@H]3O[C@H](COP(=O)(O)OP(=O)(O)OP(=O)(O)O)[C@@H](O)[C@H]3O)c2[nH]1,MNAIADVQSSRDLRNLPINQVGIKDLRFPITLKTAEGTQSTVARLTMTVYLPAEQKGTHMSRFVALMEQHTEVLDFAQLHRLTAEMVALLDSRAGKISVSFPFFRKKTAPVSGIRSLLDYDVSLTGEMKDGAYGHSMKVMIPVTSLCPCSKEISQYGAHNQRSHVTVSLTSDAEVGIEEVIDYVETQASCQLYGLLKRPDEKYVTEKAYENPKFVEDMVRDVATSLIADKRIKSFVVESENFESIHNHSAYAYIAYP,seq_f4b1121c7f301d29,0.000265,-3.576754126063192,s^(-1),wildtype,BRENDA,
fold5_WT_idx012488,test,kcat,esmc,5,fold5_seqid_leq_40,fold5_seqid,leq_40,40,WT,12488,1.4.1.16,Symbiobacterium thermophilum,pyruvate,Nc1ncnc2c1ncn2[C@@H]1O[C@H](COP(=O)(O)OP(=O)(O)OP(=O)(O)O)[C@@H](O)[C@H]1O,MISASRAAAARLVGAAASRGPTAARHQDSWNGLSHEAFRLVSRRDYASEAIKGAVVGIDLGTTNSCVAVMEGKQAKVLENAEGARTTPSVVAFTADGERLVGMPAKRQAVTNPNNTFYATKRLIGRRYDDPEVQKDIKNVPFKIVRASNGDAWVEAHGKLYSPSQIGAFVLMKMKETAENYLGHTAKNAVITVPAYFNDSQRQATKDAGQISGLNVLRVINEPTAAALAYGLDKSEDKVIAVYDLGGGTFDISILEIQKGVFEVKSTNGDTFLGGEDFDQALLRHIVKEFKRETGVDLTKDNMALQRVREAAEKAKCELSSSVQTDINLPYLTMDSSGPKHLNMKLTRAQFEGIVTDLIRRTIAPCQKAMQDAEVSKSDIGEVILVGGMTRMPKVQQTVQDLFGRAPSKAVNPDEAVAIGAAIQGGVLAGDVTDVLLLDVTPLSLGIETLGGVFTKLINRNTTIPTKKSQVFSTAADGQTQVEIKVCQGEREMAGDNKLLGQFTLIGIPPAPRGVPQIEVTFDIDANGIVHVSAKDKGTGREQQIVIQSSGGLSKDDIENMVKNAEKYAEEDRRKKERVEAVNMAEGIIHDTETKMEEFKDQLPADECNKLKEEISKMRELLARKDSETGENIRQAASSLQQASLKLFEMAYKKMASEREGSGSSGTGEQKEDQKEEKQ,seq_c634877932816ff9,0.0025,-2.6020599913279625,s^(-1),wildtype,BRENDA,
fold5_WT_idx012783,test,kcat,esmc,5,fold5_seqid_leq_40,fold5_seqid,leq_40,40,WT,12783,1.5.1.5,Escherichia coli,"5,10-methenyltetrahydrofolate",O=Cc1ccccc1,MRNPGASFLIKHFLVLSLFLCAGTAHNPPEIVRHIVFNRYKSQLSQKQIDQIIADYGNLQNIAPEMKEWKWGTDLGPAVEDRADGFTHAYESTFHSVADFLNFFYSPPALEFAKEFFPACEKIVVLNYIINETFPYTWALPNKYVVT,seq_37de9143346ab4e4,52.1,1.7168377232995244,s^(-1),wildtype,BRENDA,
fold5_WT_idx012957,test,kcat,esmc,5,fold5_seqid_leq_40,fold5_seqid,leq_40,40,WT,12957,1.8.1.9,Euglena gracilis,"5,5'-dithio-bis(2-nitrobenzoic acid)",CC(=O)C=O,MTVQTSKNPQVDIAEDNAFFPSEYSLSQYTSPVSDLDGVDYPKPYRGKHKILVIAADERYLPTDNGKLFSTGNHPIETLLPLYHLHAAGFEFEVATISGLMTKFEYWAMPHKDEKVMPFFEQHKSLFRNPKKLADVVASLNADSEYAAIFVPGGHGALIGLPESQDVAAALQWAIKNDRFVISLCHGPAAFLALRHGDNPLNGYSICAFPDAADKQTPEIGYMPGHLTWYFGEELKKMGMNIINDDITGRVHKDRKLLTGDSPFAANALGKLAAQEMLAAYAG,seq_ae049fded6505986,1.43,0.15533603746506178,s^(-1),wildtype,BRENDA,
fold5_WT_idx013015,test,kcat,esmc,5,fold5_seqid_leq_40,fold5_seqid,leq_40,40,WT,13015,1.8.7.1,Cyanidioschyzon merolae,sulfite,N[C@H](CCC(=O)O)C(=O)O,MTISFLLRSCLRSAVRSLPKAALIRNTSSMTEGLQPASVVVLPRSLAPAFESFCQGNRGPLPLLGQSEAVKTLPQLSAVSDIRTICPQLQKYKFGTCTGILTSLEEHSEQLKEMVTFIIDCSFSIEEALEQAGIPRRDLTGPSHAGAYKTTVPCATIAGFCCPLVVTMRPIPKDKLERLLQATHAIRGQQGQPIHIGDPGLLGIEALSKPDYGSYVECRPEDVPVFWPSPLTSLEAVISCKAPLAFASPPGCMVMVPKDTASSASCLTPEMVPEVHAISKDPLHYSIVSAPAAQKVRELESTIAVDPGNRGIGHLLLKDELLQAALSLSHARSVLVTTGFPTHFNHEPPEETDGPPGAIALAAFLQALGKETAMVVDQRALNLHMRIVEDAIRQGVLKTPIPILTYQGRSMEDARAFLCKDGDPKSPRFDHLVAIERAGRAADGNYYNARKMNIKHLVDPIDDIFLAAQKIPGISSTGVGDGGNELGMGKVKAAVKKHIRNGDVIACDVEADFAVIAGVSNWGGYALACALYILNSCQVHERYLRRATGPSRRAGEQSWIQALPSVAKEEKMLGILVENQVRSGVSGIVGMEVDGLPFHDVHAEMIRKLVGATTVHM,seq_7355da40c0d5607a,35.6,1.5514499979728753,s^(-1),wildtype,BRENDA,
fold5_WT_idx013120,test,kcat,esmc,5,fold5_seqid_leq_40,fold5_seqid,leq_40,40,WT,13120,2.1.1.291,Papaver somniferum,(r)-reticuline,CC(C)=CCC/C(C)=C/CC/C(C)=C/CC/C(C)=C/COP(=O)(O)OP(=O)(O)O,MTDPAVTPLAFSIPQLYCPFPTAIHPEVDTLTRAGMDFMTHHGFCNTEADRLVVANIDAGAIVARWYPNPDFPVDRLQMVTDFLYLYFLIDDLRFEVINSDTGLAGPIALFAQHLDLWEYPQAHRREELDLFHQAIHDLASRMAELTTPTKAARMRRSINGWFLALLREIALFNDDHAVMAEEYLPIRVVTVASRLMIDVNGFICPAEVPGDEWYSLKVQAAAEAAMSVCLYDNELYSAGKEQWLKSRATAHDRRPRNLVALIQAQTGGSTEHALQEVAEYRNRTVCLYLNLRSQLEKTASPALLAYLSVLDGVISGNLDAHATSSRYHNPDGHHPHAIAFTPLRTTDECSARAHTPIAPPIAWWWEQLDQ,seq_62db1e23f4a61396,0.047,-1.3279021420642825,s^(-1),wildtype,BRENDA,
fold5_WT_idx013620,test,kcat,esmc,5,fold5_seqid_leq_40,fold5_seqid,leq_40,40,WT,13620,2.3.2.5,Mus musculus,l-gln-l-glu,OC1OC[C@H](O)[C@H](O)[C@H]1O,MTKLSFIEQGLRVLDIERQALFDIKQYVDDNFHQACQLMYDCSGRIIIIGMGKSGHIGHKIAATLASTGSPAFFVHPGEASHGDLGMITKNDVVMLISNSGETSEVLNIIPVLKRLGAKIISMTGNTQSTMATLANVHVCIKVEKEACSLGLAPTASTTATLAMGDAMAVALLEARGFTADDFALSHPGGSLGKRLLLTLKDVMHSGVNTPIITTSQTIKDALIEMTAKGLGMTAIVDDNQQLAGLFTDGDLRRILEQRVDIHTTSIDAVMTKSCTTATQDMLAAQALNIMEHKRINGLIIINEHNQPIGALNMQDLLKAGVL,seq_c37133e5f08d79e1,12.9,1.110589710299249,s^(-1),wildtype,BRENDA,
fold5_WT_idx013778,test,kcat,esmc,5,fold5_seqid_leq_40,fold5_seqid,leq_40,40,WT,13778,2.4.1.269,Rhodothermus marinus,d-glycerate,N[C@@H](Cc1ccc(O)cc1)C(=O)O,MGDAPSPEEKLHLITRNLQEVLGEEKLKEILKERELKVYWGTATTGKPHVAYFVPMSKIADFLKAGCEVTILFADLHAYLDNMKAPWELLELRTSYYENVIKAMLESIGVPLEKLKFIKGTDYQLSKEYTLDVYRLSSVVTQHDAKKAGAEVVKQVEHPLLSGLLYPGLQALDEEYLKVDAQFGGVDQRKIFTFAEKYLPALGYSKRVHLMNPMVPGLTGSKMSSSEEESKIDLLDRKEDVKKKLKKAFCEPGNVENNGVLSFIKHVLFPLKSEFVILRDEKWGGNKTYTVYLELEKDFAAEVVHPGDLKNSVEVALNKLLDPIREKFNTPALKKLASAAYPDPPKQKPTAKGPAKNSEPEEIIPSRLDIRVGKIVSVEKHPDADSLYVEKIDVGEAEPRTVVSGLVQFVPKEELQDRLVVVLCNLKPQKMRGVDSQGMLLCASIEGVSRQVEPLDPPEGSAPGERVFVKGYEKGQPDEELKPKKKVFEKLQADFRISEECIAQWKQTNFMTKLGCISCKSLKGGNIS,seq_f7987482f32a1c7d,12.5,1.0969100130080565,s^(-1),wildtype,BRENDA,
fold5_WT_idx014100,test,kcat,esmc,5,fold5_seqid_leq_40,fold5_seqid,leq_40,40,WT,14100,2.4.2.8,Plasmodium falciparum,5-phospho-alpha-d-ribose 1-diphosphate,O=C([O-])CCC(=O)[O-],MNKGENMNLEMWVQNISATFPWYAQLLRDKQADLSRLESLPLITEELLTQHYYHAENSFPGEHHSYLTSGTTSGKRKRIFYSDNDQRIYLQQRMDIIRDFCGEGHTRACADLGTGHAAATAGEIFQAMGCDVELIDFTRPIEQHIEVLNRFKPDIFFTMPMILDSLIATGKLDFQPKRIILLGDVASLNWQNKVADYFHIQPAQVLDLFGSIEIGSIAFYNHAQKRYQFDSYVRPEVVPVQSLYPGAKYGGDGGILLLTSFAREYFPAVRFVTNDLIEGFAQENVGGRTVYTYQRCLGRFAGEFKHGEKINLSDISDALANNLPYHKYDLADHEGGLVIRIAAKSIPTEVIEAIKHDLLARNPDIAQMISSGLVGDIRIQCVDAQEITGNVSKRRY,seq_eca1c04dec5145d0,3.8,0.5797835966168101,s^(-1),wildtype,BRENDA,
fold5_WT_idx014150,test,kcat,esmc,5,fold5_seqid_leq_40,fold5_seqid,leq_40,40,WT,14150,2.5.1.122,Leptosphaeria maculans,l-tryptophan,COC1=C(OC)C(=O)C(CC=C(C)C)=C(C)C1=O,MLVKFRKCGQANIFRSISNVRKIYNVAKNNLKNNKDIERKEKIIILGSGWGGFNFLLNIDFKKYDVTLISPRNYFTFTPLLPCLCSGTLSVNVCTESIRNFLRKKNGYCGNYLQLECTDVFYEDKYINCIDIENNKVKLFYDYLIIAVGAKTNTFNINGVDKYAYFVKDIDDALKIRKKFLDILEKCTLPNISNEEKKKMLHVAVVGGGPTGVEVTAEFADFINKEVKINYKDIFNFISISIIEGGNNLLPTFTQNISDFTKENFHNLNINVLTNYYVIDVDKHSFHIQSSLNKNEKKKLSYGLLIWASGLAQTTLIQKFLKTIPVQANNAILKVDEKLRVIGIPSNNIYAIGDCKKIQPKLLHEHTNEIIKILTGNKLTSEALKLKQSELTKTFPQLSISKWDYEKNKKGEMTPQQFHDYLFEIDKNYKSPTPTAQNAKQEAYYLSNVFNNFIHTNQKFNIPSFIEKWKGSLAYIGNHQVVADLPYYELKGGRFSSTFWKVVYIQLLLSWKSRFHFFIDFIKTKWYGRPFIK,seq_64d6632bec2db094,664.0,2.8221680793680175,s^(-1),wildtype,BRENDA,
fold5_WT_idx014157,test,kcat,esmc,5,fold5_seqid_leq_40,fold5_seqid,leq_40,40,WT,14157,2.5.1.135,Streptomyces hygroscopicus,validamine 7-phosphate,O=[N+]([O-])c1ccc(OP(=O)(O)O)cc1,MVKDTYISSASKTPPMERTVRVTGMTCAMCVKSIETAVGSLEGVEEVRVNLATETAFIRFDEKRIDFETIKRVIEDLGYGVVDEQAAVSAEVEHLSRMKRKLYVAAFAGVLLLFLAHFISLPYEDFVQLLIALPAIFYSGSSIFKAAFSALRRRTLNMDVMYSMGVGAAFLASVLSTAGVLPREYSFYETSVLLLAFLLLGRTLEARAKSRTGEAIKKLVGLQAKTAVVIRDGKEIAVPVEEVAVGDIVIVRPGEKIPVDGVVVEGESYVDESMISGEPVPVLKSKGDEVFGATINNTGVLKIRATRVGGETLLAQIVKLVEDAMGSKPPIQRLADKVVAYFIPTVLLVAISAFIYWYFIAHAPLLFAFTTLIAVLVVACPCAFGLATPTALTVGMGKGAELGILIKNADALEVAEKVTAVIFDKTGTLTKGKPEVTDLVPLNGDERELLRLAAIAERRSEHPIAEAIVKKALEHGIELGEPEKVEVIAGEGVVADGILVGNKRLMEDFGVAVSNEVELALEKLEREAKTAVIVARNGRVEGIIAVSDTLKESAKPAVQELKRMGIKVGMITGDNWRSAEAISRELNLDLVIAEVLPHQKSEEVKKLQAKEVVAFVGDGINDAPALAQADLGIAVGSGSDVAVESGDIVLIRDDLRDVVAAIQLSRKTMSKIKQNIFWALIYNVILIPAAAGLLYPIFGVVFRPEFAGLAMAMSSVSVVANSLLLRNYVPPIRRGGDSVEKIVLELSGLSCHHCVARVKKALEEAGAKVEKVDLNEAVVAGNKEDVDKYIKAVEAAGYQAKLRS,seq_82fea28e76bd9f1a,5.9,0.7708520116421442,s^(-1),wildtype,BRENDA,
fold5_WT_idx014158,test,kcat,esmc,5,fold5_seqid_leq_40,fold5_seqid,leq_40,40,WT,14158,2.5.1.136,Aspergillus terreus,"2-methyl-1-(2,4,6-trihydroxyphenyl)propan-1-one",Nc1ncnc2c1ncn2[C@@H]1O[C@H](COP(=O)(O)OP(=O)(O)OP(=O)(O)O)[C@@H](O)[C@H]1O,MVKDTYISSASKTPPMERTVRVTGMTCAMCVKSIETAVGSLEGVEEVRVNLATETAFIRFDEKRIDFETIKRVIEDLGYGVVDEQAAVSAEVEHLSRMKRKLYVAAFAGVLLLFLAHFISLPYEDFVQLLIALPAIFYSGSSIFKAAFSALRRRTLNMDVMYSMGVGAAFLASVLSTAGVLPREYSFYETSVLLLAFLLLGRTLEARAKSRTGEAIKKLVGLQAKTAVVIRDGKEIAVPVEEVAVGDIVIVRPGEKIPVDGVVVEGESYVDESMISGEPVPVLKSKGDEVFGATINNTGVLKIRATRVGGETLLAQIVKLVEDAMGSKPPIQRLADKVVAYFIPTVLLVAISAFIYWYFIAHAPLLFAFTTLIAVLVVACPCAFGLATPTALTVGMGKGAELGILIKNADALEVAEKVTAVIFDKTGTLTKGKPEVTDLVPLNGDERELLRLAAIAERRSEHPIAEAIVKKALEHGIELGEPEKVEVIAGEGVVADGILVGNKRLMEDFGVAVSNEVELALEKLEREAKTAVIVARNGRVEGIIAVSDTLKESAKPAVQELKRMGIKVGMITGDNWRSAEAISRELNLDLVIAEVLPHQKSEEVKKLQAKEVVAFVGDGINDAPALAQADLGIAVGSGSDVAVESGDIVLIRDDLRDVVAAIQLSRKTMSKIKQNIFWALIYNVILIPAAAGLLYPIFGVVFRPEFAGLAMAMSSVSVVANSLLLRNYVPPIRRGGDSVEKIVLELSGLSCHHCVARVKKALEEAGAKVEKVDLNEAVVAGNKEDVDKYIKAVEAAGYQAKLRS,seq_82fea28e76bd9f1a,0.26,-0.585026652029182,s^(-1),wildtype,BRENDA,
